0,0,3.63
0,0,3.63
0,0,3.63
0,0.5,3.63
0,0,3.63
0,0,3.63
0,5,3.63
0,5,3.63
0,5,3.64
0,5,3.64
0,0.53,3.65
0,0.53,3.65
0,0.54,3.66
0,0.54,3.66
0,0.53,3.67
0,0.52,3.69
0,0.52,3.68
0,0.53,3.69
0,0.52,5
0,5,3.7
0,0.51,5
0,5,5
0,5,5
0,0.51,5
0,0.51,0.52
0,0.52,0.52
0,0.55,0.52
0,0.51,5
0,0.53,0.52
0,0.53,0.52
0,0.53,0.52
0,0.51,0.52
0,0.51,0.53
0,0.53,0.53
0,0.54,0.53
0,0.54,0.54
0.5,0.54,5
0.51,0.55,5
0.52,0.55,5
0.53,0.56,5
0.54,0.57,0.67
0.54,0.56,5
0.55,0.57,5
0.56,0.57,5
0.57,0.58,5
0.58,0.59,5
0.59,0.6,5
0.6,0.61,5
0.6,0.62,5
0.61,0.63,5
0.62,0.63,5
0.62,0.64,5
0.63,0.65,5
0.63,0.67,5
0.64,0.67,5
0.67,0.68,5
0.69,0.69,0.72
0.7,0.7,5
0.71,0.72,2.55
0.72,0.73,5
0.73,0.73,5
0.74,0.74,0.79
0.74,0.75,5
0.76,0.75,5
0.72,0.77,0.81
0.72,0.76,5
0.73,0.76,0.81
0.74,0.78,0.85
0.83,0.78,0.82
0.76,0.82,0.83
0.77,0.83,0.84
0.85,0.84,0.85
0.8,0.86,0.87
0.82,0.87,0.89
0.83,0.89,0.9
0.85,0.91,0.91
0.87,0.92,0.94
0.9,0.94,0.95
0.92,0.96,0.97
0.94,0.98,0.99
0.96,1,1.02
0.98,1.02,1.03
1,1.04,1.05
1.02,1.06,1.07
1.03,1.07,1.08
1.06,1.09,1.1
1.12,1.11,1.12
1.13,1.13,1.14
1.15,1.15,2.14
1.17,1.16,1.18
1.19,1.18,2.32
1.2,1.2,2.34
1.22,1.21,1.24
1.24,1.23,1.24
1.21,1.25,1.27
1.23,1.26,1.28
1.28,1.28,1.29
1.26,1.3,2.21
1.26,1.31,2.39
1.26,1.31,1.32
1.26,1.3,1.31
1.25,1.28,1.3
1.25,1.27,1.3
1.25,1.27,1.3
1.25,1.27,1.3
1.25,1.27,1.3
1.25,1.27,1.32
1.25,1.27,1.32
1.25,1.27,1.32
1.25,1.27,1.32
1.33,1.27,1.32
0.77,5,1.32
0.76,1.34,1.32
0.76,1.33,1.32
1.25,1.33,1.32
0.75,1.28,1.32
1.24,1.28,1.32
1.24,1.35,1.32
1.24,1.25,1.33
1.24,5,1.33
0.74,5,1.33
0.73,5,1.34
5,5,5
0.73,1.25,1.34
1.39,1.25,1.35
0.7,1.25,1.35
0.7,0.75,5
0.69,0.73,5
0.69,0.73,5
0.68,0.73,5
0.68,5,5
0.78,5,1.29
0.68,0.71,1.26
0.67,0.7,1.25
0.75,0.7,1.25
0.73,0.69,1.26
0.73,0.7,1.26
0.76,0.7,1.26
0.76,0.7,1.26
0.77,0.71,1.27
0.77,0.71,1.27
0.78,0.72,1.27
0.81,0.74,1.28
0.81,5,1.3
0.83,5,1.31
0.85,5,1.32
0.86,5,1.34
0.77,5,1.35
0.79,1.47,1.37
0.8,5,1.38
0.82,5,1.4
0.84,1.49,1.42
0.86,5,1.43
1.02,5,1.45
1.04,5,1.47
1.12,5,1.49
1.09,5,1.51
1.8,5,1.52
1.01,5,1.54
1.58,1.57,1.56
1.6,1.59,1.58
1.27,1.6,1.6
1.27,1.62,1.61
1.27,1.63,1.63
1.28,1.65,1.65
1.3,1.66,1.66
1.32,1.68,1.68
1.7,1.69,1.69
1.42,1.7,1.7
1.2,1.72,1.72
1.45,1.74,1.73
1.28,1.75,1.75
1.28,1.76,1.76
1.41,1.27,1.78
1.41,1.8,1.8
1.43,1.81,1.81
1.46,1.83,1.83
1.48,1.85,1.85
1.5,1.86,1.86
1.42,1.88,1.88
1.54,1.89,1.89
1.4,1.9,1.9
1.37,1.91,1.9
1.36,5,1.9
1.36,5,1.9
1.37,5,1.9
1.36,1.42,1.9
1.36,5,1.9
1.36,5,1.9
1.36,1.64,1.9
1.36,1.38,1.42
1.36,1.39,1.41
1.36,1.38,1.41
1.35,1.38,1.41
1.35,1.38,1.41
1.35,1.38,1.9
1.35,1.37,1.42
1.35,1.38,1.9
1.35,1.38,1.9
1.35,1.56,1.91
1.38,1.55,1.91
1.35,1.43,1.91
1.34,1.42,1.93
1.34,1.36,1.93
1.34,1.35,5
1.34,1.35,1.38
1.34,1.35,1.63
1.34,1.36,1.58
1.34,1.35,1.57
1.34,1.35,1.57
1.34,1.35,1.55
1.34,1.35,1.55
1.34,1.35,1.55
1.34,1.35,1.55
1.34,1.35,1.56
1.34,1.35,1.57
1.35,1.36,1.56
1.36,1.36,1.58
1.36,1.37,1.57
1.37,1.38,1.41
1.38,1.38,1.41
1.39,1.39,1.42
1.4,1.4,1.42
1.41,1.41,1.43
1.42,1.42,1.43
1.43,1.43,1.44
1.44,1.44,1.45
1.45,1.45,1.46
1.45,1.45,1.47
1.47,1.46,1.48
1.48,1.47,1.49
1.49,1.48,1.49
1.5,1.49,1.5
1.51,1.5,1.52
1.52,1.51,1.52
1.53,1.52,1.53
1.54,1.53,1.54
1.55,1.54,1.55
1.56,1.55,1.56
1.57,1.56,1.57
1.58,1.57,1.58
1.33,1.58,1.59
1.34,1.59,1.6
1.36,1.61,1.62
1.37,1.62,1.63
1.39,1.64,1.65
1.41,1.66,1.66
1.42,1.67,1.68
1.44,1.69,1.7
1.46,1.71,1.72
1.48,1.72,1.73
1.5,1.74,1.75
1.52,1.76,1.77
1.54,1.78,1.79
1.55,1.8,1.81
1.57,1.82,1.83
1.59,1.83,1.84
1.61,1.85,1.87
1.64,1.87,1.89
1.65,1.89,1.9
1.68,1.91,1.92
1.7,1.93,1.94
1.71,1.95,1.96
1.74,1.97,1.98
1.76,1.98,1.99
1.78,2,2.02
2.03,2.02,2.03
2.05,2.04,2.05
2.07,2.06,2.07
2.09,2.08,2.09
2.1,2.1,2.11
2.12,2.11,2.13
2.14,2.13,2.15
2.16,2.15,2.28
2.18,2.17,2.32
2.2,2.19,5
2.22,2.21,5
2.24,2.23,5
2.32,2.25,5
2.33,2.27,5
2.35,2.28,5
2.37,2.3,2.42
2.39,2.32,2.44
2.41,2.34,5
2.43,2.36,5
2.45,2.38,5
2.47,2.4,5
2.48,2.41,5
2.22,2.42,5
2.2,2.41,5
2.2,2.44,5
2.19,2.43,5
2.19,2.44,5
2.19,2.44,5
2.2,2.45,5
2.2,2.42,2.52
2.2,2.47,2.52
2.2,2.42,2.52
2.2,2.42,2.52
2.2,2.42,2.53
2.2,2.42,2.53
2.21,2.47,2.53
2.21,2.49,5
2.21,2.43,5
2.22,2.44,2.55
2.23,2.45,2.56
2.24,2.48,5
2.26,2.52,2.56
2.27,2.51,2.56
2.29,2.52,5
2.31,2.53,5
2.33,2.54,5
2.34,2.56,2.64
2.36,2.57,5
2.38,2.59,2.66
2.39,2.6,5
2.4,2.61,5
2.4,2.64,2.63
2.4,2.62,2.62
2.4,2.62,2.61
2.39,2.61,2.61
2.39,2.61,2.61
2.4,2.62,2.61
2.4,2.62,2.61
2.39,5,2.61
2.09,5,2.61
2.4,5,2.61
2.4,5,2.61
2.09,5,2.61
2.09,2.85,2.61
1.98,5,2.61
1.98,2.84,2.61
1.72,2.41,2.61
1.6,2.4,2.62
1.59,2.4,2.62
1.59,2.4,2.64
1.59,2.4,2.63
1.59,2.4,2.63
1.48,2.4,5
1.62,2.41,5
1.32,2.42,3.59
1.35,2.41,5
1.35,2.41,2.42
1.28,2.42,2.42
1.35,2.42,2.41
1.27,2.43,2.41
5,5,2.41
1.27,5,2.41
5,1.6,2.41
1.27,1.71,2.41
5,5,2.41
2.91,1.6,2.41
2.91,1.61,2.41
1.18,1.63,2.41
1.17,5,2.41
1.51,5,2.14
1.08,5,2.11
1.09,5,2
1.08,5,2.42
1.09,5,2
1.08,5,2.42
1.08,5,2
1.09,5,2
1.18,5,2
1.18,5,2.42
1.18,5,2
5,5,2
1.1,5,2.43
5,5,2.44
1.3,5,1.95
5,5,1.96
1.13,5,2.46
1.14,5,2.46
1.15,5,2.47
1.16,5,2.48
1.37,1.36,2.49
0.97,1.37,2.51
0.97,5,5
0.97,5,5
0.97,1.41,5
0.98,5,1.86
0.99,5,1.87
0.99,1.44,5
1,1.45,5
1.01,5,5
5,5,5
5,5,5
1.03,5,1.9
1.04,5,1.83
5,5,1.85
5,5,5
5,5,5
5,5,5
5,5,5
5,5,5
5,1.58,1.92
1.58,1.2,1.94
1.18,1.2,1.96
1.19,1.22,1.98
1.44,1.24,2
1.38,1.26,5
1.4,1.28,5
1.41,5,5
1.43,5,5
1.45,5,5
1.47,5,5
1.5,5,5
0.77,1.82,5
0.77,1.84,5
0.79,1.88,5
1.58,5,5
1.59,5,5
0.84,1.92,5
0.85,5,5
1.65,1.95,5
0.88,1.98,5
0.89,5,2.99
0.91,2.05,5
0.93,2.04,3.02
0.94,2.04,5
0.96,2.06,5
0.97,2.08,5
0.98,2.1,5
1,2.14,3.09
1.01,2.14,2.17
1.03,5,3.12
1.04,2.18,2.21
1.06,2.2,2.23
1.07,2.22,2.24
1.09,2.24,2.26
1.1,1.79,2.28
1.11,2.27,2.3
1.13,2.29,2.31
1.14,5,2.33
1.15,5,2.34
1.15,2.32,2.35
2.08,5,5
1.14,5,5
1.14,5,5
1.14,5,5
1.14,5,5
1.14,5,5
1.14,5,5
1.8,5,5
1.82,5,5
1.8,5,5
1.8,5,5
1.8,5,5
1.65,5,5
1.8,5,5
1.8,5,5
1.8,5,5
1.81,5,5
1.81,5,5
1.82,5,1.87
1.15,1.19,1.88
1.16,1.19,5
1.16,5,5
1.17,5,5
1.18,2.37,5
1.19,2.37,5
1.2,2.38,5
1.2,2.39,5
1.21,2.4,5
1.22,2.42,5
1.23,5,5
1.23,2.3,5
1.24,2.44,5
1.75,5,5
1.75,2.32,5
1.76,5,5
1.77,5,5
1.95,5,5
1.3,2.5,5
1.31,5,5
1.31,5,5
1.31,5,5
1.32,2.4,2.54
1.33,2.41,5
1.34,2.42,5
1.35,2.43,5
1.36,2.32,5
1.37,2.32,5
1.38,1.41,5
1.38,1.42,5
1.39,1.42,5
1.4,1.42,1.46
1.41,1.43,1.46
1.42,1.44,1.47
1.44,1.46,1.48
1.45,1.47,1.5
1.47,1.48,1.51
1.48,1.5,1.53
1.5,1.52,1.54
1.52,1.53,1.56
1.54,1.56,1.58
1.56,1.58,1.59
1.59,1.6,1.61
1.6,1.62,1.63
1.62,1.64,1.65
1.64,2.35,1.67
1.66,2.38,2.87
2.38,2.4,1.71
2.4,2.43,2.9
2.42,2.45,2.93
2.44,2.93,2.95
2.46,2.95,5
2.48,2.96,5
2.5,2.99,5
2.52,3,5
2.54,3.02,5
2.55,3.04,5
2.58,2.81,5
2.6,3.08,5
2.61,3.1,5
2.64,2.85,5
2.66,2.87,5
2.68,3.16,5
2.68,3,5
2.71,3.2,5
2.73,3.82,5
0.81,3.22,5
0.81,3.22,5
0.8,3.21,5
0.8,3.21,5
0.8,2.79,5
0.81,2.76,5
0.8,2.76,5
0.8,2.76,5
0.79,2.75,5
0.79,2.75,5
0.79,2.73,5
0.78,2.73,5
0.78,2.73,3.23
2.02,2.74,3.22
2.02,2.74,2.94
1.46,2.75,3.04
1.45,2.75,3.22
0.76,0.79,3.22
0.75,2.03,2.76
1.45,2.03,2.76
0.74,2.02,2.74
0.76,0.8,2.74
0.73,2.02,2.75
0.72,2.03,2.75
0.72,1.47,2.75
0.72,1.46,2.75
0.71,0.75,2.76
0.7,0.75,2.03
4.78,0.75,2.03
0.7,0.74,2.03
0.69,0.77,2.03
0.69,0.73,2.03
0.7,0.71,2.03
0.7,0.71,1.46
0.67,0.7,1.45
0.67,0.7,0.73
0.67,0.7,1.46
0.68,0.7,1.46
0.68,0.71,1.47
0.69,0.72,1.48
0.7,0.73,1.49
0.71,0.74,1.5
0.73,0.76,1.51
0.74,0.77,0.81
0.76,0.79,1.54
0.78,0.8,1.56
0.79,0.82,0.86
0.81,0.84,1.58
0.83,0.86,0.89
0.85,0.87,1.62
0.87,0.89,1.64
0.88,0.91,1.65
0.9,0.93,1.67
5,0.95,1.69
0.96,0.97,1.71
0.98,0.99,1.73
1.68,5,1.74
1.02,5,1.76
1.08,5,1.78
1.04,5,2.32
5,1.09,2.34
5,2.37,2.35
1.13,2.39,2.37
1.13,2.4,2.39
1.16,2.42,2.4
2.45,1.46,2.41
1.28,1.47,2.43
1.43,1.48,2.44
1.3,1.5,2.46
1.31,1.27,1.3
1.47,2.5,2.49
1.35,2.52,2.5
1.28,1.57,2.51
1.32,2.55,2.53
1.32,2.56,2.54
1.34,2.58,2.56
1.37,2.59,2.57
1.39,2.6,2.59
1.4,2.62,1.46
1.42,1.64,2.61
1.43,1.48,1.66
1.43,1.46,1.65
1.42,1.45,1.46
1.42,1.45,1.46
1.41,1.45,1.47
1.41,1.44,1.46
1.4,5,1.46
1.4,1.61,1.45
1.4,1.61,1.45
1.4,1.61,1.45
1.4,1.61,1.45
1.4,1.61,1.45
1.4,1.44,1.45
1.39,1.44,1.45
1.39,1.43,1.44
1.39,1.45,1.44
1.39,1.45,1.44
1.39,1.42,1.44
1.39,1.42,1.44
1.39,1.41,1.44
1.39,1.41,1.44
1.39,1.41,1.44
1.39,1.41,2.16
1.41,1.41,2.65
1.39,1.42,1.44
1.38,1.42,1.43
1.38,1.4,1.43
1.38,1.4,1.42
1.38,1.39,1.42
1.38,1.39,1.44
1.38,1.39,1.43
1.38,1.39,1.43
1.38,1.4,1.42
1.38,1.39,1.42
1.38,1.38,1.41
1.38,1.38,1.4
1.39,1.38,1.4
1.4,1.38,1.4
1.39,1.38,1.39
0.53,1.38,1.39
0.52,1.38,1.42
0.51,1.38,1.4
0.5,1.39,1.4
0,1.39,1.39
0,1.39,1.39
0,1.4,1.39
1.42,1.42,1.39
0,1.4,1.39
0,1.4,1.39
0,1.41,1.4
0,0,1.4
0,1.41,1.4
0,1.42,1.4
0,1.42,1.41
0.77,1.43,1.41
0,1.44,1.42
0,1.46,1.43
0,0,1.42
0,0,1.42
0,0,1.42
0,0,1.42
0,0,1.42
0,0,1.42
0,0,1.42
0,0,1.42
0,0,1.43
0,0,0
0,0,1.43
0,0,1.44
0,0,1.45
0,0,1.45
0,0,1.45
0,0,1.45
0,0,1.45
0,0,1.45
0,0,1.53
0,0,1.53
0,0,1.48
0,0,1.48
0,0,1.5
0,0,1.51
0,0,1.51
0,0,1.52
0,0,1.53
0,0,1.53
0,0,1.54
0,0,1.5
0,0.5,1.57
0,0.51,1.51
0,0.53,1.51
0.51,1.54,0.57
0.52,1.55,0.59
0.54,1.56,0.61
0.55,0.59,0.62
0.57,1.57,1.55
0.59,1.57,1.55
0.65,1.6,1.57
0.67,1.61,1.58
0.69,0.72,1.59
0.7,0.74,1.6
0.73,0.75,1.6
0.74,1.63,1.61
0.76,0.79,1.64
0.78,1.85,1.79
0.8,1.65,1.64
0.82,0.85,1.64
0.84,0.87,1.64
0.86,0.89,1.67
0.88,0.9,1.66
0.92,0.93,1.67
0.92,0.95,1.7
0.94,0.96,1.68
1.76,0.98,1.68
1.77,1,1.69
1.02,1.02,1.7
1.04,1.04,1.7
1.79,1.06,1.74
1.79,1.74,1.74
1.8,1.1,2.03
3.44,2.12,2.04
5,2.12,2.06
1.12,2.14,2.08
1.17,2.16,2.09
1.16,1.56,2.11
1.18,1.57,2.13
1.2,1.59,1.28
1.22,1.62,1.78
1.44,2.22,1.79
2.28,1.28,1.79
1.27,1.3,1.8
1.29,1.33,1.82
1.31,1.84,1.82
1.33,1.85,2.3
1.35,1.38,1.84
1.39,1.4,2.34
1.42,1.41,2.36
1.4,1.89,1.48
1.42,1.89,2.39
1.44,2.41,2.41
1.46,1.89,2.43
1.48,1.51,2.45
1.49,1.52,1.9
1.92,1.54,1.91
1.56,1.55,1.91
1.67,1.57,1.6
1.59,1.58,1.62
1.57,1.59,1.63
1.57,1.61,1.64
1.58,2.55,2.56
1.59,2.56,2.57
1.6,1.64,2.57
1.61,2.58,2.58
1.62,1.77,2.59
1.63,1.78,2.6
1.64,1.79,2.61
1.66,2.06,2.61
1.67,2.62,2.62
1.68,2.63,2.63
1.68,2.65,2.64
1.68,1.73,2.64
1.69,1.73,2.66
1.69,1.77,2.67
1.7,5,2.67
1.71,1.77,1.77
1.72,1.75,1.78
1.73,1.76,1.78
1.75,1.77,1.8
1.76,1.78,1.81
1.78,1.8,1.82
1.79,1.82,1.84
1.81,1.83,1.86
1.83,1.85,1.87
1.84,1.87,1.89
1.86,1.88,1.91
1.88,1.91,1.93
1.9,1.93,1.95
1.92,4.51,1.96
1.93,2.89,1.98
1.95,2.89,2.01
1.97,2.91,2.02
1.99,2.04,2.04
2.02,2.05,2.93
2.02,2.09,2.06
2.04,2.94,2.06
2.05,2.08,5
2.07,2.1,5
2.08,2.12,2.26
2.13,2.99,2.06
2.1,3.01,2.05
2.1,3.03,2.05
2.1,3.05,2.06
2.1,2.21,5
2.11,2.22,2.06
2.11,2.09,2.07
2.11,2.09,2.07
2.11,2.09,2.08
2.12,2.1,2.08
2.12,2.1,2.09
2.13,2.12,2.11
2.15,5,2.12
2.34,5,2.13
2.45,2.16,2.15
2.18,2.17,2.17
2.2,2.18,2.18
2.2,2.19,5
2.21,2.21,2.24
2.23,2.22,5
2.26,2.23,2.24
2.26,2.24,2.25
5,2.26,2.26
2.29,2.27,2.28
2.29,2.28,2.3
2.3,2.3,2.32
2.32,2.31,1.99
2.33,2.33,2
2.35,2.35,2.01
2.36,2.37,2.02
2.38,2.39,2.03
2.39,2.41,2.05
2.41,2.42,2.04
2.43,2.44,2.04
2.45,2.46,2.06
2.47,2.48,2.05
2.49,2.52,2.07
2.51,2.53,2
2.53,2.55,2.01
2.55,2.57,2.03
2.57,2.6,2.05
2.59,2.6,2.13
2.61,2.61,2.14
2.62,2.18,2.15
2.64,2.64,2.16
2.64,2.64,2.17
2.64,2.64,2.17
2.64,2.64,2.17
2.63,2.64,2.17
2.63,2.64,2.17
2.64,2.64,2.17
2.64,2.64,2.17
2.64,2.64,2.17
2.64,2.64,2.17
2.64,2.64,2.65
2.64,2.64,2.65
2.64,2.63,2.45
2.65,2.63,2.65
2.65,2.63,2.28
2.66,2.63,2.64
2.64,2.64,5
2.64,2.64,2.66
2.65,2.64,2.65
2.66,2.64,2.64
5,2.64,2.64
5,2.65,2.64
2.69,2.65,2.64
5,2.65,2.64
5,2.66,2.64
3.69,2.66,2.64
3.69,2.66,2.64
3.65,2.66,2.65
3.64,5,2.65
3.64,5,2.65
3.64,5,2.65
3.63,5,2.66
3.63,5,2.66
3.63,5,2.67
3.63,5,2.68
3.64,5,5
3.64,5,5
2.73,3.64,5
3.7,3.64,5
4.85,3.64,5
4.85,3.64,5
4.43,3.64,5
0.8,3.64,5
0.79,3.65,3.71
0.79,3.66,5
0.79,3.65,3.7
0.82,3.71,3.65
0.8,4.86,3.65
0.79,4.86,3.65
0.79,4.86,3.65
0.8,3.71,3.65
0.82,3.71,3.65
0.8,4.86,3.66
0.8,3.71,3.66
0.8,3.72,3.66
0.8,3.72,3.66
0.8,4.86,3.66
0.8,4.86,3.66
0.8,4.86,3.66
0.81,3.72,3.67
0.83,3.72,3.67
0.84,3.74,3.68
0.83,3.75,3.69
0.85,3.76,3.7
0.85,3.77,3.72
0.87,3.79,3.73
0.89,3.81,3.76
0.92,3.82,3.8
0.94,3.84,3.81
4.52,3.86,3.84
0.98,3.87,3.85
0.98,3.89,3.85
1,3.91,3.89
1.02,3.93,3.9
1.04,3.93,3.92
1.07,3.94,3.91
1.08,3.96,5
1.11,3.98,3.98
1.13,5,3.96
1.15,4.02,4.04
1.17,4.04,4
1.19,4.05,4.02
1.2,4.07,4.03
1.21,4.94,4.05
1.22,4.94,1.26
1.21,4.94,1.26
1.2,1.23,1.26
1.2,1.23,4.04
1.2,1.23,4.05
1.2,1.23,4.05
1.21,1.23,1.27
1.21,1.23,1.26
1.21,1.23,1.26
1.21,1.23,1.27
1.21,1.24,1.28
1.21,1.24,1.27
1.21,1.24,1.27
1.21,1.25,1.27
1.21,1.24,1.27
1.22,4.94,1.27
1.22,1.25,1.27
1.23,1.25,1.27
1.22,1.26,1.27
1.22,1.26,1.27
1.23,1.26,1.28
1.23,1.26,1.28
1.23,1.25,1.28
1.23,1.25,1.28
1.22,5,1.27
1.22,5,1.28
1.22,5,1.28
1.22,4.95,1.28
1.22,5,4.06
1.22,5,4.06
1.22,4.72,4.07
1.16,4.73,4.94
1.22,4.73,4.08
1.21,5,4.09
1.21,1.26,4.95
1.21,5,4.95
1.21,1.23,4.73
1.21,1.22,4.96
1.21,1.23,5
1.21,1.31,5
1.21,1.31,5
1.22,5,5
1.22,1.22,5
1.22,1.22,5
1.28,1.22,5
1.23,1.22,5
1.23,1.22,1.23
1.22,1.22,1.23
1.23,1.22,1.32
1.23,1.22,1.31
1.23,1.22,1.31
1.24,1.23,1.23
5,1.26,1.23
0.63,5,1.23
0.63,5,1.22
1.27,1.25,1.22
0.61,1.24,1.23
1.08,1.24,1.23
1.08,1.24,1.23
1.08,1.25,1.23
5,5,1.23
0.6,5,1.24
0.59,5,1.25
0.58,5,5
5,5,5
1.29,5,1.25
0.57,5,1.25
0.57,5,1.25
0.57,5,1.25
0.57,5,1.25
0.57,5,1.25
0.57,1.09,1.26
0.56,5,5
0.55,5,5
0.55,0.6,1.27
0.54,0.59,1.27
0.54,0.59,5
0.54,0.58,5
0.54,0.58,5
0.53,0.57,5
0.64,0.58,5
0.64,0.57,5
0.64,0.58,5
0.65,0.58,5
0.55,0.59,5
0.68,0.6,5
0.7,0.61,5
0.7,0.63,5
0.6,5,5
0.62,5,5
0.76,5,5
0.78,5,5
0.8,5,5
0.82,5,5
0.7,0.75,5
0.86,1.28,5
0.88,1.29,5
0.95,0.79,5
0.97,0.81,5
0.94,0.83,5
1,0.85,5
0.95,1.45,5
0.95,5,1.36
0.79,1.45,1.36
0.79,1.37,1.36
0.8,1.44,1.36
0.79,1.37,1.36
0.8,1.44,1.37
0.8,1.37,1.37
0.8,1.37,1.37
0.8,1.37,1.37
0.8,1.38,1.37
0.8,1.38,1.37
0.8,1.38,1.37
0.8,1.38,1.37
0.81,1.38,1.38
0.81,1.39,1.38
0.81,1.39,1.38
0.82,1.4,1.39
0.83,1.41,1.4
0.84,1.41,1.41
0.85,1.43,1.42
0.87,1.44,1.44
0.88,1.45,1.45
0.9,1.47,1.47
0.92,1.49,1.49
0.94,1.5,1.5
0.96,1.52,1.52
0.98,1.54,1.54
1,1.56,1.56
1.01,1.57,1.57
1.03,1.59,1.59
1.05,1.61,1.61
1.07,1.62,1.62
1.35,1.64,1.64
1.1,1.65,1.65
1.11,1.67,1.67
1.13,1.68,1.69
1.15,1.7,1.7
1.17,1.72,1.72
1.37,1.73,1.73
1.39,1.75,1.75
1.28,1.77,1.76
1.42,1.78,1.78
1.27,1.8,1.8
1.3,1.82,1.81
1.45,1.83,1.83
1.31,1.85,1.84
1.32,1.86,1.86
1.31,5,1.86
1.31,5,1.86
1.3,5,1.86
1.3,5,1.86
1.3,5,1.86
1.31,5,1.86
1.31,5,1.86
1.31,5,1.86
1.31,1.89,1.87
1.32,1.36,1.38
1.33,1.36,1.88
1.34,1.36,1.89
1.34,1.37,1.89
1.34,1.37,1.42
1.35,1.37,1.41
1.35,1.38,1.4
1.34,1.37,1.9
1.35,1.37,1.9
1.35,1.37,1.9
1.35,1.37,1.9
1.35,1.37,1.91
1.36,1.56,1.91
1.35,1.38,1.91
1.35,1.57,1.91
1.34,1.43,1.91
1.34,1.54,1.92
1.34,1.36,1.93
1.34,1.35,1.94
1.34,1.35,1.64
1.34,1.35,1.37
1.34,1.35,1.58
1.34,1.35,1.57
1.34,1.35,1.57
1.33,1.34,1.54
1.33,1.34,1.54
1.34,1.34,1.55
1.34,1.34,1.55
1.34,1.34,1.37
1.34,1.34,1.37
1.34,1.34,1.37
1.34,1.34,1.37
1.34,1.35,1.55
1.34,1.35,1.37
1.34,1.35,1.37
1.35,1.35,1.38
1.35,1.36,1.39
1.36,1.36,1.39
1.37,1.37,1.4
1.37,1.38,1.4
1.38,1.39,1.4
1.4,1.39,1.41
1.4,1.4,1.42
1.41,1.41,1.42
1.42,1.42,1.44
1.43,1.43,1.45
1.45,1.44,1.45
1.46,1.45,1.46
1.47,1.46,1.47
1.48,1.47,1.48
1.49,1.48,1.49
1.5,1.49,1.5
1.51,1.5,1.52
1.52,1.51,1.53
0.61,1.52,1.56
0.61,1.53,1.56
0.61,1.54,1.55
0.62,1.55,1.57
0.61,1.56,1.57
0.62,1.57,1.57
0.62,1.58,1.59
0.63,1.59,1.6
0.63,1.6,1.61
0.64,1.62,1.62
0.64,1.63,1.64
0.65,1.65,1.66
0.66,1.66,1.67
0.67,1.68,1.68
0.68,1.7,1.7
0.68,1.71,1.72
0.69,1.73,1.73
0.7,1.75,1.75
0.71,1.77,1.77
0.72,1.79,1.79
0.73,1.8,1.81
0.74,1.82,1.82
0.75,1.84,1.84
0.76,1.86,1.86
0.77,1.88,1.88
0.78,1.89,1.9
0.79,1.91,1.91
0.8,1.93,1.93
0.81,1.95,1.95
0.82,1.97,1.97
0.83,1.98,1.99
0.84,2,2.01
0.85,2.02,2.03
0.85,2.04,2.13
0.87,2.05,2.07
0.87,2.07,2.09
0.89,2.09,2.13
1.9,2.11,2.15
0.91,2.12,2.18
0.91,2.14,2.19
0.91,2.15,2.19
0.9,2.15,2.15
0.9,2.15,2.15
0.9,2.15,2.15
0.9,2.15,2.15
1.94,2.15,2.15
1.94,2.17,2.17
1.94,2.22,2.15
1.94,5,2.15
1.93,2.21,2.15
1.94,2.21,2.15
1.94,2.21,2.15
1.94,2.22,2.15
1.95,2.22,2.16
1.96,2.24,2.16
1.74,2.24,2.17
1.98,2.27,2.19
1.99,2.27,2.2
1.86,2.29,2.21
2.03,3.05,2.23
1.87,2.32,2.25
1.88,2.34,2.27
1.9,2.36,2.28
1.92,2.38,2.3
1.93,2.33,2.31
2.14,2.34,2.33
1.98,2.36,2.35
2,2.37,2.37
2.02,2.39,2.38
2.23,2.4,2.4
2.25,2.42,2.42
2.27,2.44,2.44
2.3,2.45,2.45
2.32,2.47,2.47
2.33,2.49,2.49
2.35,2.5,2.51
2.37,2.52,2.53
2.4,2.53,2.58
2.55,2.54,5
2.57,2.55,5
2.58,2.57,5
2.59,2.58,5
2.59,2.58,2.64
2.59,2.58,5
2.59,2.58,2.61
2.45,2.58,2.63
2.44,2.58,2.61
2.44,2.58,2.62
2.44,2.58,2.59
2.44,2.58,2.59
2.43,2.58,2.58
2.43,2.58,2.58
2.43,2.58,2.58
2.43,2.59,2.58
2.43,5,2.58
2.37,2.69,2.58
2.13,2.6,2.58
2.14,2.6,2.59
1.94,2.45,2.58
1.77,2.44,2.59
1.69,2.44,2.59
1.62,2.44,2.59
1.62,2.44,2.6
1.62,2.44,2.6
1.49,2.44,2.7
1.45,2.44,2.61
1.42,2.45,2.61
1.38,5,2.45
1.33,5,2.45
1.3,5,2.44
1.31,5,2.44
1.25,5,2.44
1.31,5,2.44
1.22,5,2.45
1.19,5,2.45
1.19,5,2.45
1.32,5,2.22
4.3,5,2.46
1.41,5,2.46
1.28,1.48,2.47
1.24,5,2.48
1.31,1.5,2.49
1.27,1.51,2.51
1.28,5,2.52
4.31,1.54,2.53
1.43,1.56,2.55
5,1.56,2.56
1.14,1.59,2.57
1.14,5,2.58
1.15,5,2.59
1.15,5,2.61
1.16,5,2.62
1.17,1.69,2.51
1.18,5,2.52
1.2,5,2.53
1.21,5,2.55
1.22,1.28,2.56
1.24,5,2.58
1.53,5,2.72
1.27,5,2.73
1.27,5,2.75
1.29,5,2.77
1.31,5,2.79
1.33,5,2.8
1.34,5,2.81
1.36,5,2.83
1.66,5,2.85
1.68,5,2.87
1.7,5,2.88
0.84,5,2.9
0.85,5,2.91
1.83,5,2.93
1.73,5,2.95
1.75,5,2.97
1.9,5,2.98
1.92,5,3
1.94,5,3.01
1.56,5,3.03
1.57,5,3.05
2.02,5,3.06
2.03,5,3.08
2.05,5,3.09
2.03,5,3.11
2.04,5,3.13
2.06,5,3.15
2.08,5,5
2.1,5,5
2.12,5,3.19
2.13,5,3.21
2.15,5,3.22
2.15,5,3.22
1.75,5,3.22
1.08,5,3.22
1.08,5,3.22
1.74,1.78,3.22
1.74,1.77,3.22
1.08,1.77,3.22
1.08,1.77,3.23
1.08,1.78,3.23
1.08,1.78,3.23
1.74,5,3.23
1.08,1.79,3.23
1.08,5,3.23
1.08,5,3.23
1.08,5,3.23
1.08,5,3.23
1.08,5,3.23
1.08,5,3.24
1.08,5,3.25
1.09,5,3.25
1.09,5,5
1.1,5,5
1.1,5,5
1.1,5,5
1.1,5,5
1.09,5,5
1.09,5,5
1.09,5,5
1.09,5,5
1.08,5,5
1.77,5,5
1.55,5,5
1.54,5,5
1.54,5,5
1.76,5,5
1.76,5,5
1.76,5,5
1.08,1.11,1.81
1.07,1.11,5
1.06,1.1,5
1.06,1.1,5
1.06,1.1,5
1.06,1.1,5
1.06,1.1,5
1.06,1.1,5
1.06,1.1,5
1.06,5,5
1.06,1.1,5
1.06,1.1,5
1.06,1.1,5
1.06,1.1,5
1.07,1.1,5
1.07,1.11,5
1.07,5,5
1.08,5,5
1.08,2.88,5
1.09,5,5
1.1,2.91,5
1.79,5,5
1.8,2.92,5
1.81,2.18,5
1.17,1.86,5
1.18,2.95,5
1.17,5,5
1.17,2.97,5
1.18,2.98,5
1.18,2.35,5
1.19,2.42,5
1.2,2.28,5
1.21,2.29,5
1.22,2.29,5
1.23,2.22,5
1.24,2.23,5
1.25,2.23,5
1.26,2.33,5
1.27,1.3,5
1.27,1.31,5
1.28,1.31,5
1.29,1.32,5
1.3,1.33,5
1.32,1.34,1.37
1.32,1.34,2.57
1.34,1.35,1.38
1.34,1.36,1.39
1.35,1.37,1.4
1.36,1.38,1.41
1.38,1.39,1.42
1.39,1.41,1.43
1.41,1.42,1.43
1.42,2.12,1.44
1.44,2.12,2.78
1.46,2.13,2.66
1.46,2.14,2.67
1.44,2.15,2.8
1.46,2.16,1.49
0.6,2.17,1.51
0.61,2.18,2.45
0.61,2.19,2.24
0.61,2.2,2.24
0.61,2.21,2.48
0.61,2.24,2.48
0.61,2.25,2.49
0.62,2.25,2.49
0.62,2.27,2.5
0.62,2.28,2.51
0.63,2.28,2.52
0.63,2.3,2.53
0.64,1.73,2.34
1.61,2.34,2.35
1.63,2.35,2.37
1.65,2.37,2.39
1.67,2.39,2.88
1.69,2.41,2.64
1.71,2.43,2.91
1.73,2.44,2.67
1.75,2.46,2.68
1.77,2.48,2.69
1.79,2.5,2.71
1.81,2.52,2.72
1.83,2.54,2.74
1.85,2.56,2.75
1.87,2.57,2.77
1.89,2.6,2.78
1.91,2.62,2.8
1.93,2.63,2.81
1.95,2.65,2.83
1.97,2.67,2.84
0.85,2.69,2.86
2,2.7,2.87
2.02,2.72,2.89
2.02,2.73,2.89
0.87,0.89,2.89
0.87,0.89,2.89
0.87,0.89,2.89
0.87,0.89,2.9
0.87,2.73,2.9
0.87,2.04,3.19
0.87,2.78,3.19
0.87,2.04,2.9
1.48,0.91,2.91
1.48,0.91,2.91
1.47,2.03,2.77
0.84,2.03,2.05
0.84,2.03,2.74
0.84,2.04,2.7
0.83,2.03,2.71
0.83,0.92,2.71
0.83,0.92,2.71
0.83,0.92,2.71
0.83,2.03,2.71
0.82,2.03,2.72
0.82,2.03,2.73
0.82,2.03,2.14
0.82,2.04,2.74
0.81,0.85,2.74
0.81,1.49,2.74
5,0.85,2.06
0.9,0.84,2.04
0.8,0.85,2.04
0.88,0.84,2.04
0.8,0.82,2.04
0.79,0.82,2.04
0.79,0.81,2.04
0.78,0.81,2.04
0.77,0.8,1.5
0.78,0.8,0.84
0.78,0.81,0.85
0.78,0.82,0.86
0.79,0.82,0.86
0.81,0.83,0.87
0.81,0.85,2.08
0.83,0.86,1.55
0.85,0.88,0.91
0.86,0.89,0.93
0.87,5,1.59
0.89,5,1.61
0.91,0.94,1.63
0.93,0.97,1
0.95,0.98,2.18
0.97,0.99,1.68
0.99,1.01,2.21
1.01,2.24,2.23
1.03,2.26,2.24
1.04,2.27,2.26
1.06,2.29,2.27
1.08,2.3,2.29
1.1,1.13,2.3
1.12,5,2.32
1.14,5,2.33
1.15,2.36,2.35
1.17,2.37,2.36
1.19,2.39,2.38
1.21,2.41,2.39
1.23,2.42,2.41
1.25,1.28,2.42
1.27,1.3,2.44
1.28,1.31,2.45
1.3,1.62,2.47
1.32,1.35,2.48
1.34,1.65,2.5
1.36,1.66,2.51
1.37,2.54,2.53
1.39,2.56,2.54
1.41,1.46,2.54
1.4,1.43,2.54
1.4,1.43,1.44
1.39,1.42,1.44
1.38,1.43,1.44
1.38,1.42,1.43
1.37,1.63,1.43
1.37,1.63,1.43
1.37,5,1.42
1.37,5,1.43
1.37,1.41,1.42
1.37,1.41,1.42
1.37,1.42,1.42
1.37,1.42,1.42
1.36,1.39,1.41
1.36,1.39,1.41
1.36,1.39,1.41
1.36,1.38,1.41
1.36,1.39,1.41
1.36,1.38,1.42
1.36,1.38,2.1
1.38,5,2.57
1.36,1.58,5
1.38,1.4,1.41
1.35,1.37,1.41
1.35,1.37,1.4
1.35,1.36,1.41
1.35,1.36,1.41
1.35,1.36,1.41
1.35,1.36,1.41
1.35,1.4,1.4
1.35,1.36,1.57
1.35,1.36,1.38
1.35,1.36,1.37
1.35,1.35,1.37
1.37,1.35,1.37
1.38,1.35,1.36
1.36,1.35,1.36
0.59,1.35,1.36
0.58,1.35,1.39
0.57,1.35,1.37
0.57,1.36,1.37
0.57,1.36,1.36
1.38,1.37,1.36
1.41,1.37,1.36
1.38,1.37,1.36
1.39,0.58,1.36
0.54,0.57,1.36
0.53,0.57,1.36
0.52,0.57,1.37
0.52,1.39,1.37
0.52,1.39,1.38
0.79,1.41,1.39
0.52,1.41,1.41
0.51,1.41,1.39
0.52,1.41,1.39
0.79,1.41,1.39
0.52,1.4,1.39
0.79,1.41,1.39
0.53,1.41,1.41
0.61,1.42,1.41
0.54,1.42,1.4
0.54,1.44,1.4
0.55,1.44,1.41
0.55,1.52,1.42
0.56,1.53,1.43
0.57,1.55,1.45
0.58,1.56,1.46
0.59,1.57,1.47
0.6,0.67,1.48
0.6,0.65,1.47
0.59,0.64,1.47
0.59,0.64,1.47
0.59,0.63,1.47
0.59,0.63,1.47
0.59,0.63,1.47
0.59,0.63,1.47
0.58,0.62,1.48
0.58,0.62,1.48
0.58,0.62,1.48
0.57,0.62,1.49
0.57,0.63,1.5
0.57,0.62,1.58
0.57,0.61,1.59
0.57,0.62,1.58
0.57,0.62,1.59
0.58,0.63,1.6
0.59,0.64,1.6
0.6,0.64,1.61
0.61,0.65,1.62
0.66,0.66,1.58
0.68,0.68,1.59
0.67,0.69,1.61
0.68,0.71,1.62
0.7,0.73,1.62
0.72,0.75,1.6
0.74,0.76,1.61
0.75,0.78,1.62
0.77,0.8,1.76
0.79,0.82,1.78
0.81,0.83,1.8
0.82,0.85,1.82
0.84,0.87,1.83
0.86,0.89,1.85
0.88,0.9,1.87
0.89,0.92,1.89
0.91,0.94,1.9
0.92,0.95,1.92
0.94,0.96,1.93
0.95,0.98,1.71
0.96,0.98,1.72
0.96,0.98,1.72
0.96,0.98,1.95
0.96,0.98,1.95
0.96,0.99,1.71
0.96,0.99,1.71
0.96,0.99,1.96
0.97,1,1.96
0.97,1,1.96
0.98,1,1.97
0.99,1.01,1.98
1,1.03,1.99
1.01,1.04,1.73
1.03,1.06,2.02
1.04,1.07,1.92
1.06,1.09,1.93
1.08,1.11,1.95
1.1,1.12,1.96
1.11,1.14,1.97
1.16,1.16,1.99
1.15,1.18,2.01
1.17,1.2,2.19
1.19,1.22,2.04
1.21,1.24,1.85
1.23,2.25,2.25
1.25,1.27,2.27
1.27,1.29,2.29
1.28,1.31,2.31
1.3,1.33,2.33
1.32,2.34,2.35
1.34,1.37,2.37
1.35,1.38,2.39
1.37,1.4,2.4
1.39,1.41,2.42
1.43,1.42,2.43
1.44,1.43,1.49
1.45,1.45,1.49
1.46,1.46,1.5
1.44,1.47,1.51
1.45,2.47,1.52
1.45,2.47,2.48
1.46,2.48,2.49
1.46,2.49,2.49
1.47,2.5,2.5
1.48,1.51,1.97
1.48,1.52,1.97
1.49,1.62,1.98
1.5,1.63,1.99
1.52,1.97,2.53
1.52,2,2.54
1.51,2,2.55
1.52,1.66,2.56
1.53,1.56,1.58
1.53,1.56,1.58
1.54,1.57,1.59
1.54,1.57,1.59
1.55,1.58,1.6
1.56,1.58,1.61
1.57,1.59,1.62
1.58,1.6,1.63
1.59,1.61,1.64
1.6,1.62,1.65
1.61,1.64,1.67
1.63,1.65,1.67
1.64,1.66,1.69
1.65,1.68,1.7
1.66,1.7,1.71
1.68,1.71,1.72
1.69,1.73,1.74
1.7,1.74,1.82
1.71,1.81,1.83
1.73,1.82,2.73
1.74,2.77,2.74
1.76,2.78,2.76
1.77,1.8,2.77
1.79,4.52,2.78
1.81,1.84,1.86
1.82,1.84,1.87
1.83,1.86,1.89
1.85,1.87,1.9
1.87,1.9,1.92
1.88,1.93,1.95
1.9,2.87,1.95
1.92,1.97,1.97
1.95,2.04,2.05
1.95,1.98,2.06
1.96,1.99,2.03
1.98,2,5
2,2.02,5
2.01,2.06,2.05
2.09,2.08,2.06
2.09,2.08,2.05
2.06,2.09,2.05
2.07,2.12,2.06
2.08,2.11,2.07
2.09,2.13,2.07
2.11,2.09,2.07
2.13,2.09,2.08
2.14,2.1,2.09
2.13,2.11,2.1
2.15,2.12,2.11
2.15,2.14,2.12
2.17,2.15,2.14
2.18,2.16,2.15
2.19,2.18,2.17
2.2,5,2.18
2.22,5,2.2
2.28,2.23,2.21
2.5,5,2.23
2.29,2.24,2.24
2.27,2.25,2.25
2.28,2.27,2.27
2.29,2.28,2.28
2.31,2.29,2.35
2.31,2.3,2.33
2.32,2.32,2.37
2.34,2.33,2.38
2.35,2.34,2.37
2.37,2.35,2.36
5,2.37,2.37
2.41,2.38,2.39
2.41,2.39,2.41
2.41,2.4,2.07
2.4,2.42,2.12
2.41,2.43,2.04
2.41,2.45,2.11
2.42,2.47,2.11
2.43,2.49,2.14
2.44,2.51,2.14
2.45,2.52,2.06
2.53,2.54,2.07
2.55,2.57,2.08
2.57,2.61,2.11
2.59,2.64,2.44
2.61,2.66,2.44
2.63,4.41,2.45
2.64,2.65,2.46
2.64,2.65,2.16
2.64,2.65,2.16
2.64,2.65,2.46
2.64,2.64,2.46
2.64,2.64,2.46
2.64,2.64,2.46
2.64,2.64,2.48
2.55,2.64,2.49
2.54,2.64,2.28
2.55,2.64,2.28
2.55,2.64,2.28
2.54,2.64,2.18
2.54,2.64,2.2
2.54,2.64,2.18
2.55,2.64,2.27
2.55,2.64,2.18
2.64,2.64,2.5
2.64,2.64,2.19
2.64,2.64,2.65
2.64,2.64,2.65
2.66,2.64,2.65
2.65,2.64,3.57
2.65,2.64,2.67
2.65,2.64,2.66
2.65,2.64,2.67
2.66,2.64,2.65
2.66,2.64,2.64
2.66,2.64,2.64
5,2.65,2.64
5,2.66,2.64
3.67,5,2.64
2.68,2.66,2.64
2.68,2.66,2.64
3.64,2.67,2.65
3.62,2.67,2.65
3.61,2.68,2.65
3.61,5,2.66
3.61,5,2.67
3.61,5,5
3.61,5,5
3.62,5,5
2.73,3.62,2.68
4.85,3.62,2.69
5,3.62,5
4.85,3.62,5
4.85,3.62,5
0.77,3.62,5
0.76,3.62,5
0.76,3.63,5
4.43,3.63,3.68
0.78,4.87,3.62
0.75,4.89,3.62
0.75,5,3.62
0.75,4.87,3.62
0.75,5,3.63
0.76,5,3.63
0.76,4.87,3.62
0.76,5,3.63
0.77,5,3.63
0.77,5,3.64
0.78,4.87,3.65
0.79,4.87,2.2
0.81,4.87,3.68
0.82,4.88,2.19
0.84,3.76,2.22
0.86,4.88,2.21
0.88,0.93,2.23
0.9,0.94,2.24
0.91,0.96,2.26
0.93,0.98,2.24
0.95,1,1.01
0.98,3.89,1.03
0.99,2.27,5
1.02,2.25,3.87
1.04,2.27,3.88
1.07,2.2,3.91
1.09,5,3.92
1.11,5,3.95
1.13,5,5
1.14,3.98,5
1.16,4,4.03
1.18,4.02,4.05
1.2,4.04,4.07
1.22,4.04,4.08
1.21,4.95,4.05
1.21,4.7,1.27
1.2,4.69,1.26
1.2,1.23,4.1
1.2,4.7,1.26
1.2,4.7,1.26
1.2,1.24,1.25
1.21,1.24,1.26
1.21,1.24,1.27
1.21,1.25,1.27
1.23,1.26,1.27
1.24,1.27,1.29
1.25,1.27,1.29
1.26,1.29,1.31
1.27,1.3,1.32
1.28,1.31,1.34
1.29,1.32,1.35
1.3,1.33,4.14
1.31,1.34,4.14
1.31,4.76,4.14
1.31,4.76,4.14
1.31,1.33,4.14
1.31,4.76,4.14
1.31,4.76,4.14
1.31,4.76,4.14
1.3,4.77,4.76
1.32,4.76,4.21
1.3,4.76,4.18
1.33,4.76,4.95
1.32,4.76,4.15
1.3,5,4.15
1.3,4.77,4.15
1.3,5,4.95
1.3,5,4.79
1.3,1.31,4.96
1.29,1.31,4.77
1.29,1.3,4.77
1.3,1.31,4.77
1.3,3,4.79
1.3,5,4.79
1.3,1.31,5
1.3,1.3,4.03
1.31,1.3,3.04
1.36,1.3,2.99
1.31,1.3,1.32
1.31,1.3,1.31
1.31,1.3,1.33
1.31,1.3,5
1.31,1.31,1.35
1.32,1.31,1.31
1.33,1.31,1.31
1.33,5,1.31
0.59,1.32,1.31
0.59,1.32,1.31
0.58,1.32,1.31
1.34,1.32,1.31
1.37,1.33,1.32
0.58,1.34,1.32
0.57,5,1.32
5,5,1.33
5,5,5
5,5,1.33
1.38,5,1.33
0.53,5,1.34
0.52,5,1.34
0.51,0.57,1.35
0.51,0.56,5
0.5,0.55,5
0.5,0.54,5
0,5,5
0,0.53,5
0.5,0.53,5
0.55,0.53,5
0.5,0.53,5
0.56,0.53,5
0.56,0.53,5
0.51,0.53,5
0.56,0.54,5
0.57,5,5
0.58,0.57,5
0.6,0.56,5
0.61,0.58,5
0.63,0.59,1.21
0.65,0.61,1.23
0.66,0.63,1.24
0.6,0.65,1.25
0.62,5,1.27
0.63,5,1.28
0.65,5,1.3
0.66,5,1.31
0.68,5,1.33
0.69,5,1.34
0.71,5,1.35
0.72,5,1.36
0.72,5,1.37
0.72,5,1.37
0.72,5,1.37
0.72,5,1.37
0.72,5,1.37
0.73,5,1.37
0.73,5,1.37
0.73,5,1.37
0.73,5,1.38
0.73,5,1.38
0.73,4.87,1.38
0.74,4.87,1.38
0.74,4.86,1.38
0.73,4.86,1.38
0.74,0.77,1.38
0.74,0.77,1.38
0.74,0.77,1.39
0.75,0.78,1.39
0.75,0.78,1.39
0.75,0.78,1.39
0.75,4.87,1.39
0.76,0.78,1.4
0.76,5,1.4
0.77,5,1.41
0.78,5,1.41
0.78,1.06,1.42
0.78,0.83,1.42
0.79,0.84,1.43
0.8,0.84,1.44
0.81,0.85,1.45
0.83,0.86,1.46
0.84,0.87,1.48
0.86,0.89,1.49
0.88,0.9,1.51
0.9,0.92,1.52
0.91,0.94,1.54
0.93,0.96,1.55
0.95,0.98,1.56
0.97,1,1.58
0.99,1.02,1.6
1.01,1.04,1.61
1.03,1.06,1.63
1.05,1.08,1.64
1.07,1.1,1.66
1.09,1.12,1.67
1.11,1.14,1.69
1.13,1.16,1.7
1.15,1.18,1.72
1.17,1.2,1.73
1.19,1.22,1.75
1.21,1.24,1.76
1.23,1.26,1.28
1.25,1.27,1.8
1.27,1.29,1.32
1.28,1.31,1.34
1.31,1.85,1.84
1.33,1.36,1.85
1.35,1.37,1.4
1.37,1.39,1.42
1.39,1.41,1.43
1.41,1.43,1.45
1.42,1.44,1.47
1.44,1.46,1.49
1.44,1.47,1.95
1.45,1.47,1.48
1.44,1.47,1.48
1.44,1.47,1.48
1.44,1.47,1.48
1.44,1.48,1.49
1.44,1.48,1.95
1.43,1.48,1.95
1.43,1.46,1.96
1.43,1.45,5
1.43,1.45,5
1.43,1.45,1.97
1.43,1.44,1.47
1.43,1.44,1.46
1.43,1.44,1.46
1.43,1.44,1.47
1.43,1.45,1.46
1.43,1.45,1.97
1.43,1.45,1.47
1.43,1.45,1.97
1.43,1.45,1.47
1.43,1.45,1.47
1.43,1.45,5
1.43,1.45,1.98
1.43,1.45,1.98
1.43,1.45,1.65
1.43,1.45,1.66
1.44,1.45,1.66
1.44,1.46,1.66
1.45,1.46,1.69
1.45,1.47,1.73
1.46,1.47,1.73
1.47,1.48,1.68
1.48,1.49,1.52
1.49,1.49,1.52
1.5,1.5,1.53
1.51,1.51,1.53
1.52,1.52,1.54
1.53,1.53,1.55
1.54,1.54,1.55
1.55,1.55,1.56
1.56,1.56,1.57
1.57,1.57,1.59
1.59,1.59,1.6
1.61,1.6,1.62
1.62,1.62,1.63
1.64,1.63,1.65
1.42,1.65,1.66
1.42,1.67,1.68
1.44,1.69,1.7
1.45,1.7,1.72
1.47,1.72,1.74
1.49,1.74,1.76
1.51,1.76,1.77
1.53,1.78,1.79
1.55,1.8,1.81
1.57,1.82,1.83
1.59,1.84,1.85
1.61,1.86,1.87
1.62,1.88,1.89
1.64,1.9,1.92
1.66,1.91,1.93
1.68,1.94,5
1.71,1.95,1.97
1.72,1.97,1.99
1.74,1.99,2.01
1.76,2.01,2.03
1.78,2.03,2.05
1.8,2.05,2.07
1.82,2.07,2.08
1.84,2.09,2.11
1.86,2.11,2.12
1.88,2.13,2.15
1.89,2.14,2.16
1.91,2.16,2.17
1.92,2.16,2.17
2.18,2.16,2.17
2.17,2.15,2.17
2.18,2.15,2.17
2.17,2.15,2.17
2.17,2.15,2.17
2.16,2.15,2.17
2.17,2.15,2.17
2.16,2.15,2.17
1.91,2.15,2.32
1.9,2.15,2.32
1.9,2.15,2.23
1.9,2.16,5
0.78,2.16,2.17
0.78,2.16,2.17
0.78,2.16,2.17
0.79,2.16,2.18
0.79,2.17,2.18
0.79,2.18,2.18
0.8,2.18,2.19
0.8,2.2,2.21
0.81,2.21,2.22
1.97,2.22,2.23
0.82,2.24,2.25
0.83,2.25,2.27
2.02,2.27,5
2.04,2.29,2.41
2.06,2.31,5
2.08,2.32,5
2.1,2.34,5
2.12,2.36,2.46
2.13,2.37,2.49
2.14,2.38,5
2.15,2.39,2.4
2.14,2.39,2.39
2.14,2.39,2.39
2.14,2.39,2.39
2.14,2.39,2.39
1.91,2.39,2.39
1.92,2.39,2.39
1.91,2.39,2.39
1.91,2.45,2.39
1.91,2.46,2.39
1.87,5,2.39
1.86,2.46,2.39
1.87,2.47,2.39
1.87,2.47,2.4
1.88,5,2.4
1.93,5,2.41
1.89,5,2.41
1.91,2.49,2.42
1.97,2.51,2.44
1.94,5,2.45
1.95,2.53,2.47
1.97,2.55,2.5
1.99,2.56,2.51
2.01,2.59,2.53
2.03,2.6,2.54
2.05,2.62,2.56
2.07,2.65,2.57
2.09,5,2.58
2.11,5,2.6
2.12,5,2.61
2.13,2.85,2.62
1.99,2.85,2.62
1.99,2.84,2.62
1.98,2.84,2.62
1.98,2.84,2.62
1.91,2.84,2.62
1.91,2.83,2.62
1.91,2.41,2.61
1.91,2.41,2.61
1.6,2.41,2.61
1.65,2.4,2.61
1.6,2.4,2.62
1.6,2.4,2.62
1.59,2.41,2.63
1.59,2.4,2.63
1.59,2.4,2.63
0.92,2.4,2.63
0.91,2.4,2.64
0.9,2.4,2.69
0.9,2.14,2.69
0.9,2.14,2.85
5,2.41,2.41
5,5,2.41
5,1.71,2.41
0.92,1.6,2.4
0.92,1.61,2.41
0.9,5,2.41
0.9,0.9,2.14
0.86,0.89,2.14
0.86,5,2.41
0.85,5,2.42
0.86,5,2.42
0.86,5,2.42
0.86,5,2.42
0.86,5,2.42
0.86,5,2.42
0.86,5,2.42
0.86,5,2.42
0.86,5,2.42
0.86,5,2.42
0.86,5,2.42
1.08,5,2.42
0.91,5,2.42
0.87,5,2.43
0.87,5,1.62
0.88,5,1.62
0.93,5,1.63
0.92,5,1.64
0.92,5,1.67
0.94,5,1.68
0.94,5,1.71
0.92,5,1.69
0.98,5,1.7
0.93,5,1.71
0.94,5,1.82
0.95,5,5
0.96,5,1.85
0.97,5,5
0.98,5,5
0.99,1.04,5
1,1.05,5
1.06,5,5
1.02,5,1.92
1.03,5,5
1.04,1.28,1.17
1.06,1.1,1.18
1.13,1.12,1.98
1.15,1.19,2
1.16,1.14,5
1.18,1.21,5
1.2,1.24,5
1.22,1.25,5
1.24,1.27,1.32
1.26,1.22,5
1.19,1.3,5
1.21,1.32,1.35
1.22,1.34,1.37
1.24,1.27,1.39
1.25,1.29,1.41
1.27,1.4,1.42
1.28,1.42,1.44
1.41,1.44,1.46
1.43,1.46,1.48
1.45,1.49,1.53
0.75,1.53,1.54
0.78,0.8,1.56
0.8,1.57,1.58
1.53,1.56,1.6
1.55,5,1.62
0.83,5,1.65
0.85,0.88,5
0.87,5,2.99
1.63,5,3
0.9,5,3.01
0.91,5,3.02
0.93,5,3.04
0.94,5,3.05
0.95,5,3.06
0.96,5,3.08
0.98,5,3.09
0.98,5,3.1
0.98,5,5
0.97,5,3.11
0.97,5,3.11
0.97,5,5
0.98,5,3.11
0.98,5,3.11
0.99,5,5
1,5,5
1.01,5,5
1.02,5,3.15
1.03,5,3.17
1.04,5,3.18
1.06,5,5
1.07,5,5
1.08,5,3.21
1.09,5,3.22
1.1,5,5
1.95,5,5
1.12,5,3.25
1.12,5,5
1.12,5,5
1.12,5,5
1.12,5,5
1.81,5,5
1.81,5,5
1.81,5,5
1.6,5,5
1.6,5,5
1.78,5,5
1.59,5,5
1.59,5,5
1.59,5,1.84
1.78,1.98,1.83
1.78,1.98,1.83
1.78,1.15,1.83
1.78,1.98,1.83
1.78,5,1.83
1.78,1.15,1.84
1.78,1.15,1.83
1.78,1.82,1.83
1.78,1.98,1.83
1.78,1.82,1.83
1.78,1.81,1.83
1.78,1.82,1.83
1.78,1.15,1.83
1.11,1.15,1.83
1.77,1.15,1.84
1.77,1.15,1.84
1.11,1.15,1.83
1.77,1.14,1.84
1.77,1.14,1.84
1.11,1.15,1.84
1.11,1.15,5
1.11,1.99,5
1.12,1.99,5
1.13,2,5
1.13,2.02,5
1.14,2.03,5
1.14,5,5
1.15,2.06,5
1.16,2.07,5
1.17,2.07,5
1.85,2.08,5
1.66,2.08,5
1.67,2.09,5
1.68,2.1,5
1.69,2.11,5
1.32,2.11,5
1.7,2.12,5
1.33,2.13,5
1.26,2.14,5
1.26,2.15,5
1.27,2.16,5
1.27,2.18,5
1.28,2.18,5
1.29,2.2,5
1.3,2.21,5
1.31,2.22,5
1.32,2.22,5
1.33,2.23,5
1.34,1.37,5
1.35,1.37,1.42
1.36,1.38,1.41
1.37,1.39,1.42
1.38,1.4,1.42
1.39,1.41,1.43
1.4,1.41,1.44
1.41,1.42,1.45
1.41,1.43,1.46
1.42,1.44,1.47
1.43,1.45,1.47
1.44,1.47,1.49
1.46,2.19,1.5
1.47,2.2,1.5
1.48,2.2,1.52
1.6,2.21,1.53
1.57,2.21,5
1.54,2.22,5
1.55,2.23,5
1.54,2.27,5
1.56,2.28,5
1.57,2.29,5
1.59,2.31,5
1.6,2.33,5
1.62,2.34,5
0.68,2.36,2.6
0.69,2.38,2.61
0.7,2.4,2.62
0.7,2.42,5
0.71,2.44,2.67
0.71,2.47,2.68
0.72,2.49,2.7
0.73,2.5,2.72
0.74,2.52,2.73
0.74,2.53,2.73
0.75,2.55,2.75
0.77,2.57,2.78
1.89,2.61,2.76
1.91,2.64,2.78
1.93,2.66,2.8
0.8,2.65,2.81
0.8,2.67,2.83
0.81,2.68,2.85
0.82,2.7,2.86
0.82,2.7,2.87
0.82,2.72,2.87
2.01,2.73,2.87
2.01,2.72,2.86
2.01,2.72,2.87
2.01,2.72,2.86
2.01,2.73,2.86
1.49,2.73,2.86
1.47,2.73,2.87
1.47,2.73,2.87
1.46,2.73,2.87
0.79,2.74,2.87
1.46,2.03,2.87
0.81,2.02,2.81
1.45,2.02,2.72
1.45,2.02,2.72
0.77,0.86,2.72
0.76,0.85,2.72
0.76,2.02,2.74
0.76,1.47,2.73
0.75,0.8,2.73
0.75,0.79,2.03
0.74,1.46,2.03
0.74,0.78,2.02
0.73,0.79,2.02
0.73,0.78,2.02
0.74,0.76,2.03
0.73,0.75,2.03
0.73,0.75,2.03
0.72,0.75,1.47
0.71,0.74,1.47
0.71,0.75,1.47
0.72,0.75,1.47
0.72,0.76,1.48
0.73,0.76,0.81
0.74,0.77,0.81
0.75,0.77,1.5
0.75,0.78,1.51
0.76,0.79,1.51
0.76,0.8,1.52
0.78,0.81,1.53
0.79,0.82,1.54
0.8,0.83,1.55
0.81,5,1.55
0.84,5,1.57
0.86,5,1.58
0.87,0.91,1.6
0.89,5,1.61
0.91,5,1.63
0.93,5,1.65
0.94,5,1.66
0.97,5,1.68
0.98,5,1.7
1,5,1.71
1.02,5,1.73
1.04,2.29,1.75
1.06,2.31,1.77
1.08,2.32,2.3
1.1,1.13,2.32
1.12,2.35,2.33
1.14,2.36,2.35
1.16,2.38,2.36
1.18,5,2.38
1.48,1.51,2.39
5,1.52,2.4
2.64,1.52,2.42
1.26,1.27,2.43
1.28,1.28,2.45
1.29,1.3,2.46
1.3,1.32,2.47
1.32,1.34,2.49
1.34,1.63,2.5
1.36,1.42,2.52
1.38,1.41,2.53
1.4,1.42,2.55
1.41,1.44,2.56
1.4,1.44,1.45
1.39,1.63,1.45
1.39,1.62,1.44
1.39,1.45,1.43
1.39,1.46,1.43
1.39,1.62,1.44
1.39,1.43,1.43
1.39,1.41,1.43
1.38,1.42,1.43
1.38,1.4,1.43
1.38,1.4,1.43
1.38,1.4,1.43
1.38,1.42,1.43
1.38,1.41,1.43
1.38,1.41,1.43
1.38,1.41,1.43
1.38,5,5
1.38,1.6,2.11
1.38,1.59,5
1.38,1.47,5
1.38,1.41,1.42
1.38,1.41,1.42
1.37,1.39,1.42
1.37,1.39,1.42
1.37,1.39,1.42
1.37,1.38,1.41
1.37,1.38,1.43
1.37,1.38,1.42
1.37,1.38,1.42
1.37,1.4,1.42
1.37,1.38,1.42
1.37,1.37,1.39
1.37,1.37,1.39
1.38,1.37,1.39
1.39,1.37,1.39
1.42,1.37,1.38
1.38,1.37,1.38
0.57,1.37,1.38
0.56,1.37,1.4
0.56,1.38,1.39
0.55,1.38,1.38
0.55,1.38,1.38
1.4,1.39,1.38
1.44,1.41,1.38
1.4,1.39,1.38
0.53,0.57,1.38
0.52,1.39,1.38
0.51,0.55,1.38
0.5,1.4,1.39
0,1.41,1.39
0,1.41,1.4
0.79,1.42,1.4
0,1.43,1.43
0,1.49,1.4
0,1.43,1.41
0,1.52,1.41
0,1.52,1.41
0,1.52,1.41
0,1.52,1.41
0,1.49,1.42
0,1.44,1.42
0,0.54,1.41
0,0.55,1.4
0,0.51,1.41
0,0.51,1.41
0,0.5,1.41
0,0.5,1.41
0,0.51,1.41
0,0.5,1.41
0,0.5,1.42
0,0.5,1.42
0,0.79,1.48
0,0.5,1.48
0,0,1.44
0,0,1.5
0,0,0.5
0,0,0
0,0,0.5
0,0,1.45
0,0,1.45
0,0,1.55
0,0,1.45
0,0.5,1.46
0,0.52,1.47
0,1.6,1.48
0.52,1.61,0.58
0.53,1.62,0.6
0.55,1.63,1.5
0.57,0.59,1.5
0.58,1.55,1.51
0.6,0.63,1.52
0.62,0.65,1.52
0.64,0.67,1.53
0.66,0.69,1.54
0.68,0.71,1.55
0.71,0.73,0.77
0.72,0.75,1.56
0.74,0.77,0.81
0.76,0.79,1.57
0.78,0.81,1.58
0.8,0.83,0.87
0.82,0.85,0.89
0.84,0.87,0.91
0.86,0.89,0.93
0.88,0.9,1.62
0.89,1.66,1.62
0.91,0.94,1.63
0.92,1.66,1.63
0.94,1.67,1.65
0.96,1.68,1.65
0.97,1,1.66
0.99,1.69,1.67
1.01,1.7,1.67
1.02,1.7,1.68
1.04,1.43,1.98
1.06,1.45,1.13
1.08,2.09,2.02
1.78,1.13,2.03
1.12,2.11,2.05
1.16,1.52,2.07
1.17,1.53,2.09
1.17,1.56,2.1
1.19,1.57,2.12
1.85,1.58,1.28
1.47,1.27,1.75
1.24,1.28,1.77
1.26,1.52,1.77
1.49,1.31,1.78
1.3,1.32,1.79
1.31,1.35,1.8
1.33,1.56,1.62
1.35,1.59,1.63
1.39,1.4,1.64
1.42,1.62,2.34
1.58,1.44,1.48
1.43,1.64,1.5
1.44,1.65,1.52
1.46,1.67,1.54
1.48,1.68,1.56
1.65,1.7,2.44
1.55,1.54,1.88
1.56,1.56,1.88
1.56,1.57,2.49
1.71,1.59,2.5
1.59,1.6,2.51
1.6,1.62,1.91
1.6,1.64,2.54
1.61,1.65,1.92
1.63,2.56,2.56
1.63,2.57,1.92
1.64,2.04,1.94
1.65,2.59,2.59
1.67,2.07,1.94
1.67,2.61,1.95
1.68,2.09,1.96
1.7,2.1,2.64
1.71,2.67,2.65
1.72,1.77,1.78
1.73,1.78,1.79
1.74,2.14,2.68
1.75,2.16,2.69
1.76,2.17,2.7
1.78,1.8,1.83
1.8,1.82,1.85
1.81,1.83,1.86
1.83,1.85,1.88
1.85,1.87,1.89
1.87,1.89,1.91
1.88,1.91,1.93
1.9,1.93,1.95
1.92,1.95,1.97
1.94,1.96,1.99
1.96,1.99,2
1.98,2.01,2.03
1.99,2.91,2.04
2.01,2.05,2.06
2.02,2.07,2.08
2.05,2.1,2.1
2.07,2.94,2.95
2.05,2.05,2.03
2.05,2.05,2.03
2.08,2.05,2.03
2.06,2.05,2.03
2.06,2.05,2.03
2.06,2.05,2.03
2.06,2.06,2.04
2.07,2.1,2.13
2.06,2.09,2.13
2.07,2.1,2.14
2.07,2.1,2.14
2.07,2.1,2.15
2.08,2.1,2.14
2.08,2.11,2.14
2.08,2.11,2.14
2.09,2.11,2.15
2.08,2.11,2.24
2.1,2.11,2.14
2.08,2.12,5
2.17,2.12,5
2.1,2.12,2.23
2.17,2.12,2.02
2.18,2.13,2.02
2.96,2.14,2.02
2.07,2.14,2.02
2.06,2.99,2.02
2.06,2.99,2.01
2.06,2.99,2.01
2.06,3,2.01
2.05,3,2.01
2.05,3,2.01
2.05,3.01,2.01
2.06,3,2.01
2.06,2.99,2.01
2.06,2.99,2.01
2.06,3,2.01
2.06,3.01,2.01
2.06,2.2,2.01
2.06,2.2,2.01
2.06,3,2.02
2.06,3,2.02
2.06,2.18,2.02
2.06,2.18,2.02
2.06,2.21,2.02
2.06,2.21,2.02
2.06,2.05,2.02
2.06,2.06,2.02
2.06,2.06,2.02
2.07,2.05,2.02
2.07,2.06,2.02
2.07,2.06,2.02
2.07,2.06,2.02
2.07,2.06,2.02
2.07,2.06,2.03
2.07,2.07,2.03
2.08,2.07,2.04
2.09,2.08,2.04
2.09,5,2.05
2.1,2.09,2.06
2.11,2.09,2.07
2.12,2.1,2.09
2.13,2.12,2.1
2.14,5,2.12
2.16,5,2.13
2.17,5,5
2.18,5,2.15
2.19,5,2.16
2.38,2.49,2.17
2.36,2.5,5
2.37,2.51,2.18
2.39,5,2.19
2.41,5,2.2
2.42,2.22,2.21
2.43,2.23,2.21
3.36,2.24,2.22
2.26,2.24,2.23
2.27,2.25,2.24
2.27,2.26,2.25
2.28,2.26,2.25
2.29,2.27,2.26
2.3,2.28,2.27
2.31,2.3,2.28
2.31,2.3,2.29
2.32,2.3,2.31
2.32,2.32,2.25
2.33,2.32,2.25
2.34,2.33,2.25
2.35,2.34,2.27
2.23,2.35,2.26
2.22,2.29,2.18
2.26,2.29,2.18
2.39,2.29,2.18
2.4,2.29,2.18
2.41,2.52,2.2
2.27,2.23,2.2
2.43,2.22,2.2
2.25,2.22,1.87
2.07,2.23,1.61
2.07,2.24,1.61
2.08,1.63,1.62
2.11,1.64,1.63
2.27,1.65,1.63
2.28,2.27,1.56
2.29,1.67,1.59
2.3,1.67,1.6
1.71,1.68,1.46
1.71,1.7,1.58
1.73,1.7,1.71
2.34,1.71,1.49
2.34,1.71,1.56
2.34,1.71,1.57
2.34,2.33,1.57
2.34,2.33,1.57
2.34,2.33,1.57
2.34,2.34,1.57
2.34,2.34,1.57
2.34,2.34,1.62
2.35,2.34,1.62
2.35,1.71,1.63
2.19,1.71,1.62
2.19,1.71,1.63
2.18,1.72,1.7
2.19,1.72,1.71
2.19,1.74,1.71
2.46,2.34,1.71
2.48,2.35,1.72
2.37,2.36,1.72
2.38,2.37,2.35
2.58,2.58,2.35
2.58,2.36,2.34
2.58,2.37,1.73
2.58,2.6,2.37
2.59,2.6,2.35
2.51,2.47,2.35
2.42,2.48,2.35
2.42,2.58,2.36
2.42,2.59,2.37
2.42,2.59,2.47
2.42,2.59,2.48
2.44,2.59,2.2
2.6,2.59,2.61
2.6,2.59,2.49
2.6,2.59,2.59
2.61,2.6,2.59
5,2.64,2.59
5,2.66,2.59
5,2.61,2.59
2.62,2.6,2.59
3.68,2.62,2.6
3.68,2.62,2.61
3.68,2.65,2.61
3.68,5,2.62
3.68,5,2.64
2.66,5,2.62
2.66,3.75,2.62
2.67,5,2.63
2.67,3.74,2.63
2.67,3.74,2.63
2.67,3.74,2.63
2.67,5,2.63
2.67,3.69,2.63
2.68,3.69,5
2.68,3.69,5
2.69,3.69,2.64
2.69,3.69,5
4.43,3.69,5
4.43,3.69,5
3.76,3.69,5
4.43,3.7,2.66
4.43,2.69,2.67
4.43,2.7,5
4.43,5,2.67
4.43,5,2.67
4.44,5,2.67
4.44,3.72,3.77
4.45,2.7,5
2.76,2.7,2.68
2.76,2.7,2.68
2.77,2.71,2.69
4.48,2.72,2.7
4.49,5,2.7
4.86,3.81,5
4.87,4.88,5
4.53,4.87,5
4.54,3.88,5
4.57,4.87,5
1.13,3.89,5
1.14,3.91,5
1.15,3.93,5
1.17,3.95,5
1.2,4.89,5
4.63,3.99,5
4.64,4.9,5
4.65,4.9,5
4.67,4.09,5
1.28,4.09,5
1.3,4.1,5
1.32,4.12,5
1.33,4.13,5
1.34,4.14,5
1.34,4.93,4.75
1.33,4.92,4.75
1.33,4.92,4.75
1.34,4.93,4.76
1.33,5,4.75
1.33,5,4.75
1.32,5,4.11
1.32,4.92,1.37
1.32,4.92,1.37
1.32,4.92,1.37
1.32,1.34,1.37
1.31,1.34,1.36
1.31,1.33,1.37
1.31,1.35,1.36
1.31,4.72,4.13
1.31,4.72,4.13
1.31,4.72,4.13
1.31,4.72,4.14
1.24,1.36,4.92
1.3,1.35,4.12
1.3,1.35,4.12
1.3,1.34,4.93
1.3,1.34,4.92
1.3,1.34,4.92
1.3,1.32,4.93
1.3,1.32,4.93
1.3,1.31,4.93
1.3,1.32,5
1.3,1.31,4.74
1.3,1.31,4.74
1.3,1.31,4.74
1.3,1.31,4.74
1.3,1.31,4.94
1.3,1.38,4.74
1.3,1.38,4.75
1.3,1.38,5
1.3,1.31,5
1.3,1.31,5
1.3,1.31,5
1.3,1.31,5
1.3,1.3,5
1.3,1.3,5
1.3,1.3,5
1.31,1.3,5
1.34,1.3,1.32
1.31,1.3,1.32
1.31,1.3,1.31
1.31,1.3,1.31
1.31,1.3,1.39
1.31,1.3,1.35
1.32,1.3,1.38
1.32,1.31,1.32
5,1.31,1.31
0.66,1.32,1.31
0.65,5,1.31
0.64,1.42,1.31
1.17,1.32,1.31
0.63,1.32,1.31
1.17,1.32,1.31
1.17,1.33,1.31
5,5,1.32
0.62,5,1.32
0.61,5,1.35
0.61,5,5
5,5,1.34
0.6,5,1.33
0.58,5,1.33
0.57,0.63,5
0.57,0.61,5
0.56,0.6,5
0.56,0.6,5
0.66,0.6,5
0.56,4.78,5
0.55,0.59,5
0.55,0.58,5
0.55,0.58,5
0.55,5,5
0.55,5,5
0.56,0.58,1.19
0.57,0.59,5
0.57,0.6,5
0.63,0.6,5
0.65,0.61,1.21
0.67,0.62,1.22
0.67,0.64,1.23
0.69,0.65,1.24
0.74,0.67,1.26
0.73,0.7,1.27
0.67,5,1.29
0.68,5,1.3
0.7,5,1.32
0.72,5,1.34
0.74,5,1.35
0.75,5,1.37
0.77,5,1.39
0.79,1.5,1.4
0.81,1.51,1.42
0.83,0.86,1.43
0.85,0.87,1.45
0.86,0.89,1.46
0.87,0.9,1.47
0.89,0.91,1.48
0.91,5,1.49
0.91,5,1.49
0.91,5,1.49
0.93,5,1.49
0.92,5,1.49
0.92,5,1.49
0.92,5,1.49
0.92,5,1.5
0.92,5,1.5
0.92,5,1.5
0.92,5,1.5
0.92,5,1.5
0.92,5,1.5
0.93,5,1.51
0.94,5,1.51
0.93,5,1.51
0.94,5,1.51
0.94,5,1.51
0.94,5,1.52
0.94,5,1.52
0.95,5,1.52
0.95,5,1.52
0.95,5,1.52
0.95,5,1.53
0.96,5,1.53
0.98,5,1.54
0.99,5,1.55
1,5,1.56
0.99,5,1.57
1,5,1.59
1.02,1.62,1.6
1.04,5,1.61
1.05,5,1.63
1.06,5,1.64
1.07,5,1.65
1.08,5,1.66
1.09,5,1.67
1.11,5,1.68
1.12,5,1.69
1.14,5,1.71
1.15,5,1.72
1.16,5,1.73
1.18,1.76,1.75
1.19,5,1.76
1.2,1.23,1.77
1.21,1.25,1.78
1.23,1.25,1.79
1.23,1.25,1.8
1.23,1.25,1.8
1.23,1.25,1.79
1.23,1.25,1.8
1.23,1.26,1.8
1.23,1.26,1.28
1.23,1.25,1.28
1.23,1.26,1.28
1.23,1.27,1.8
1.23,1.45,1.28
1.23,1.45,1.8
1.23,1.46,1.81
1.23,1.27,1.28
1.25,1.27,1.81
1.25,1.27,1.81
1.25,1.27,1.82
1.26,1.48,1.82
1.27,1.3,1.31
1.29,1.31,1.32
1.31,1.32,1.85
1.32,1.5,1.35
1.33,1.51,1.88
1.34,1.42,1.89
1.35,1.4,1.41
1.36,1.41,1.91
1.37,1.42,1.93
1.38,1.42,1.94
1.38,1.39,1.94
1.37,1.39,1.94
1.37,1.39,1.94
1.37,1.39,1.94
1.37,1.39,1.94
1.37,1.39,1.41
1.37,1.38,1.41
1.37,1.38,1.41
1.37,1.38,1.41
1.37,1.38,1.42
1.37,1.4,1.41
1.37,1.4,1.41
1.38,1.42,1.57
1.38,1.4,1.58
1.38,1.4,1.58
1.38,1.4,1.57
1.38,1.4,1.57
1.38,1.4,1.58
1.38,1.4,1.58
1.38,1.39,1.58
1.39,1.4,1.59
1.39,1.41,1.59
1.4,1.41,1.6
1.41,1.42,1.6
1.41,1.42,1.44
1.42,1.42,1.45
1.43,1.43,1.46
1.44,1.44,1.46
1.45,1.45,1.47
1.46,1.46,1.48
1.47,1.47,1.49
1.48,1.48,1.49
1.49,1.49,1.51
1.5,1.5,1.51
1.51,1.51,1.52
1.52,1.52,1.53
1.53,1.53,1.54
1.54,1.54,1.55
1.56,1.55,1.56
1.56,1.56,1.57
1.57,1.57,1.58
1.58,1.58,1.59
1.6,1.59,1.6
1.36,1.61,1.62
1.37,1.62,1.63
1.39,1.64,1.65
1.41,1.65,1.67
1.42,1.67,1.68
1.44,1.69,1.7
1.46,1.71,1.72
1.48,1.72,1.73
1.5,1.74,1.75
1.51,1.76,1.77
1.53,1.78,1.79
1.56,1.8,1.81
1.57,1.82,1.83
1.59,1.84,1.85
1.61,1.86,1.87
1.63,1.87,1.89
1.65,1.89,1.9
1.67,1.91,1.93
1.69,1.93,1.95
1.71,1.95,1.97
1.73,1.97,1.98
1.75,1.99,2
1.77,2.01,2.02
1.79,2.03,2.04
1.81,2.04,2.06
1.83,2.06,2.08
1.85,2.08,2.1
2.12,2.1,2.12
2.13,2.12,2.14
2.15,2.13,2.15
2.16,2.15,2.16
1.93,2.15,2.16
1.92,2.15,5
2.15,2.15,2.17
2.16,2.15,2.17
2.16,2.15,2.17
2.16,2.15,2.18
2.16,2.15,2.17
2.17,2.16,2.17
2.17,2.16,2.17
2.17,2.16,2.18
2.18,2.17,2.19
2.18,2.17,2.31
2.19,2.18,2.29
1.98,2.19,2.32
2.22,2.21,2.33
2.23,2.23,2.37
2.25,2.24,2.36
2.26,2.26,2.39
2.28,2.27,5
2.3,2.29,5
2.32,2.31,5
2.34,2.33,5
2.36,2.35,2.46
2.58,2.36,2.48
2.39,2.38,5
2.2,2.39,2.5
2.18,2.4,2.5
2.17,2.4,2.5
2.17,2.4,2.5
2.17,2.4,5
2.17,2.4,5
2.17,2.4,5
2.17,2.4,2.49
2.17,2.4,5
2.17,2.4,5
2.17,2.4,2.46
2.17,2.4,2.43
2.17,2.4,2.43
1.99,2.41,2.49
2.18,2.41,5
2.18,2.41,2.48
2.19,2.42,2.48
2.2,2.43,2.46
2.21,2.44,2.52
2.23,2.47,2.51
2.25,5,2.52
2.26,2.56,2.53
2.28,2.58,2.51
2.3,5,2.58
2.32,2.62,2.58
2.34,2.58,2.59
2.36,2.65,2.6
2.37,2.6,2.6
2.39,2.62,2.61
2.4,2.62,2.62
2.4,2.62,2.62
2.4,2.63,2.62
2.4,2.63,2.61
2.4,2.63,2.62
2.4,2.63,2.62
2.4,2.85,2.62
2.4,2.84,2.62
1.99,2.84,2.62
1.99,2.85,2.62
1.99,2.85,2.62
2.09,2.85,2.61
1.92,2.43,2.61
1.88,2.41,2.61
1.6,2.41,2.62
1.6,2.41,2.63
1.6,2.41,2.63
1.6,2.41,2.63
0.95,2.41,2.63
0.94,2.41,2.63
0.94,2.41,2.63
0.94,2.41,2.63
0.93,2.41,2.63
0.92,2.41,2.64
0.92,2.41,2.85
0.92,2.41,5
0.92,2.14,5
1.36,2.42,2.84
1.27,2.42,2.42
1.28,2.43,2.42
5,1.73,2.43
0.95,1.72,2.42
0.95,1.61,2.42
1.19,1.64,2.42
0.92,0.92,2.42
0.89,0.92,2.16
0.88,0.92,2.16
0.88,5,2.16
0.89,5,1.94
0.89,5,2.44
0.88,5,1.94
0.88,5,2.44
0.89,5,2.44
0.89,5,2.44
0.89,5,2.17
0.89,5,1.94
0.89,5,2.44
0.89,5,1.94
0.89,5,1.94
0.9,5,1.94
0.89,5,1.94
0.92,5,1.94
0.89,5,1.94
0.89,5,1.94
0.9,5,2.44
1.14,5,2.44
0.9,5,2.44
0.89,5,2.44
0.93,5,2.44
0.89,5,2.44
0.9,5,2.45
0.93,5,2.45
0.9,5,2.45
1.13,5,2.46
0.92,5,2.47
1.15,5,2.48
0.94,5,2.49
0.95,5,2
0.97,5,2.51
0.97,5,2.53
0.97,1.41,5
0.98,1.42,5
0.98,1.43,2.56
0.99,1.05,5
1,5,5
1.01,5,5
1.02,5,1.93
1.07,5,5
1.08,5,5
1.03,1.27,1.15
1.05,1.1,1.16
1.11,1.13,1.18
1.13,1.15,1.87
1.14,1.17,1.88
1.16,1.18,1.9
1.17,1.2,5
1.19,1.15,5
1.14,1.16,1.91
1.14,1.17,1.93
1.16,1.18,1.95
1.17,1.2,1.96
1.19,1.22,1.98
1.21,1.33,2
1.32,4.38,2.02
1.35,1.38,5
1.38,1.66,5
1.4,1.42,1.44
1.29,1.43,1.46
1.31,1.45,1.49
0.73,1.79,1.51
0.75,5,5
0.78,5,5
1.41,5,5
1.43,5,5
0.82,5,5
0.83,5,2.95
0.85,1.97,5
0.86,1.99,2.97
0.88,2.01,2.98
0.89,5,5
0.91,5,3.01
0.92,5,3.02
0.94,5,3.03
0.95,5,3.05
0.97,5,3.06
0.98,1.65,3.07
0.99,1.66,3.08
1.01,1.68,3.1
1.02,5,3.11
1.04,5,3.13
1.05,5,3.14
1.06,5,3.15
1.08,5,3.17
1.09,1.78,3.19
1.1,5,5
1.11,5,3.21
1.11,5,5
1.11,5,5
1.1,5,3.21
1.1,5,3.22
1.1,5,3.22
1.1,5,5
1.1,5,5
1.62,5,5
1.61,5,5
1.62,5,5
1.61,5,5
1.61,1.13,1.8
1.74,1.13,1.8
1.09,1.13,1.8
1.09,1.13,1.8
1.09,1.13,1.8
1.09,1.13,1.8
1.09,1.13,1.8
1.09,1.13,1.8
1.09,1.13,1.8
1.09,1.13,1.8
1.09,1.14,1.81
1.1,1.14,1.82
1.1,1.8,1.82
1.11,1.8,1.83
1.12,1.81,1.84
1.12,5,5
1.13,5,5
1.13,2,5
1.79,1.86,5
1.79,1.86,5
1.8,2.01,5
1.16,2.01,5
1.17,2.02,5
1.17,2.03,5
1.17,2.04,5
1.18,2.06,5
1.19,2.06,5
1.2,2.07,5
1.21,2.08,5
1.22,2.09,5
1.22,1.26,1.28
1.23,1.26,1.29
1.24,1.27,1.29
1.25,1.28,1.31
1.26,1.28,1.31
1.27,1.29,1.33
1.29,1.3,5
1.3,1.32,5
1.31,1.33,5
1.33,1.35,5
1.34,1.37,1.41
1.36,1.39,1.42
1.38,1.41,1.43
1.4,1.42,1.45
1.42,1.44,1.47
1.44,1.46,1.49
1.46,1.48,1.5
1.47,1.5,1.52
1.49,1.51,1.54
1.51,1.53,1.56
1.53,1.55,1.58
1.55,1.57,1.6
1.57,1.59,1.63
1.59,1.61,1.64
1.61,1.63,1.66
1.63,1.65,1.68
1.66,1.67,1.7
1.68,1.69,1.72
1.7,1.71,1.74
1.72,1.73,1.76
1.74,1.76,1.78
1.76,1.78,1.8
1.78,1.8,1.82
1.81,1.82,1.84
1.83,1.85,1.86
1.84,1.87,1.88
2.55,1.9,1.9
2.58,2.72,1.93
2.59,2.74,1.95
2.6,2.76,1.97
2.64,2.78,5
2.66,2.8,5
2.68,2.82,5
2.7,2.84,5
0.87,2.85,5
2.73,2.87,5
2.75,2.88,5
0.87,2.88,5
0.87,2.78,5
2.04,2.88,5
2.04,2.78,5
0.86,2.77,5
0.86,2.78,5
0.86,2.73,5
0.85,2.77,2.9
0.85,2.78,2.9
0.85,2.77,2.9
0.85,2.77,2.89
0.85,2.78,2.89
0.84,2.73,2.89
0.84,2.72,2.89
0.84,2.72,2.89
2.04,2.76,2.89
2.04,2.75,2.89
1.49,2.75,2.88
1.48,2.77,2.88
0.82,2.76,2.89
0.83,2.05,2.83
1.48,2.04,2.78
0.8,0.86,2.73
0.8,0.86,2.74
0.79,2.04,2.75
0.78,2.04,2.75
0.78,2.04,2.76
0.77,5,2.76
0.77,0.82,2.76
0.76,0.82,2.05
5,0.8,2.05
0.75,0.8,2.05
0.75,0.8,2.04
0.77,0.79,2.04
0.75,0.78,2.05
0.74,0.77,2.05
0.74,0.77,1.49
0.73,0.76,0.8
0.73,0.76,0.8
0.73,0.76,1.49
0.74,0.76,1.49
0.73,0.76,1.49
0.74,0.77,1.49
0.74,0.77,1.5
0.74,0.77,1.5
0.75,0.77,1.5
0.76,0.79,1.51
0.77,0.79,1.52
0.78,0.81,1.53
0.8,0.83,1.55
0.82,0.84,1.56
0.83,0.86,1.57
0.85,0.87,1.59
0.86,0.89,1.61
0.89,0.91,1.62
0.92,5,1.64
0.92,5,1.66
0.96,5,1.68
0.97,1.01,1.69
0.99,1.03,1.71
1.01,5,1.73
1.03,5,1.75
5,5,1.77
1.07,2.32,1.79
1.09,2.33,2.32
1.11,1.14,2.33
1.13,2.36,2.35
1.14,2.38,2.36
1.21,2.39,2.38
1.19,1.5,2.39
3.11,1.51,2.41
1.27,1.52,2.42
2.65,1.28,2.44
1.27,2.47,2.45
1.28,1.29,2.47
1.3,1.31,2.48
1.31,1.35,2.49
1.33,1.37,2.51
1.35,1.41,2.52
1.37,1.43,2.54
1.45,1.42,2.55
1.39,1.43,2.56
1.38,1.63,1.44
1.38,1.62,1.43
1.38,1.61,1.43
1.37,1.61,1.43
1.37,1.61,1.42
1.37,1.61,1.42
1.37,1.45,1.42
1.37,1.42,1.42
1.37,1.42,1.42
1.37,1.39,1.42
1.37,1.39,1.42
1.37,1.39,1.42
1.37,1.39,1.41
1.37,1.39,1.42
1.36,1.39,1.41
1.36,1.39,1.42
1.36,1.39,2.11
1.37,1.4,2.11
1.36,1.58,2.6
1.36,1.4,1.41
1.36,1.4,1.42
1.36,1.38,1.41
1.36,1.37,1.41
1.35,1.37,1.42
1.35,1.37,1.42
1.35,1.36,1.41
1.35,1.36,1.41
1.35,1.36,1.41
1.35,1.37,1.41
1.36,1.37,1.39
1.36,1.36,1.38
1.36,1.36,1.37
1.36,1.36,1.37
1.39,1.36,1.37
1.4,1.36,1.37
0.58,1.36,1.37
0.57,1.36,1.37
0.56,1.36,1.39
0.56,1.36,1.37
0.55,1.37,1.37
0.55,1.37,1.36
1.41,1.38,1.36
1.41,1.38,1.36
1.39,1.37,1.37
0.53,0.57,1.37
0.52,1.38,1.37
0.51,0.55,1.37
0.5,1.39,1.37
0,1.39,1.37
0,1.39,1.38
0.78,1.4,1.39
0,1.41,1.39
0,1.51,1.41
0,0.52,1.39
0,0.51,1.4
0,0.51,1.4
0,0.51,1.41
0,0.51,1.42
0,0.79,1.47
0,0,1.44
0,0,1.48
0,0,1.49
0,0,1.53
0,0,1.49
0,0,1.49
0,0,1.48
0,0,1.45
0,0,1.45
0,0.51,1.51
0,1.58,1.52
0.51,0.54,1.46
0.52,0.55,1.47
0.54,0.57,1.55
0.55,0.59,1.56
0.57,0.6,1.49
0.59,0.61,1.5
0.61,0.63,1.51
0.63,0.65,1.51
0.65,0.67,0.72
0.66,0.69,0.73
0.69,0.71,0.75
0.7,0.73,1.54
0.72,0.75,1.55
0.74,0.77,1.55
0.76,0.79,1.56
0.78,0.81,1.57
0.8,0.83,0.87
0.82,0.84,1.59
0.84,0.86,1.59
0.85,0.88,0.92
0.87,0.9,1.61
0.89,0.92,1.62
0.91,0.94,1.62
0.92,0.95,1.63
0.94,0.97,1.64
0.96,1.67,1.64
0.98,1.01,1.65
1,1.68,1.66
1.02,1.69,1.66
1.03,1.69,1.68
1.05,2.07,1.99
1.07,1.45,2.01
1.09,2.81,2.02
1.11,2.1,1.92
1.13,2.12,1.93
1.15,2.13,2.08
1.16,2.14,1.73
1.19,2.15,2.12
1.2,1.59,1.74
1.22,1.26,1.75
1.24,1.27,1.76
1.26,1.28,1.77
1.28,1.3,1.77
1.29,1.32,1.78
1.31,1.34,1.79
1.33,1.36,2.28
1.35,1.37,1.81
1.36,1.39,2.33
1.38,1.41,1.44
1.4,1.43,1.48
1.42,1.44,2.39
1.44,1.46,2.41
1.46,1.48,2.41
1.47,1.5,1.55
1.49,1.52,1.56
1.51,1.54,1.58
1.53,1.56,1.6
1.55,1.57,1.62
1.56,1.59,1.63
1.58,1.6,1.64
1.6,1.62,1.66
1.62,1.64,1.68
2.01,1.65,1.68
2.01,1.68,1.7
1.69,1.69,1.72
1.66,2.61,1.94
1.67,2.62,1.95
1.68,2.63,1.96
1.69,2.64,1.96
1.71,2.65,2.71
1.72,2.66,1.97
1.73,1.76,2.7
1.74,2.69,2.7
1.76,2.7,2.74
1.77,1.82,2.75
1.79,1.83,2.74
1.8,1.84,2.03
1.81,1.85,2.76
1.82,1.87,2.77
1.83,1.88,1.89
1.85,1.88,1.91
1.87,1.91,1.92
1.89,2.85,1.94
1.91,2.87,1.96
1.93,2.89,1.98
1.95,2.9,2.01
1.96,2.91,2.03
1.98,2.93,2.04
2,2.94,2.06
2.03,2.08,2.09
2.1,2.98,2.97
2.08,2.97,2.99
2.07,2.98,3.06
2.08,3,5
2.1,2.13,5
2.11,2.14,5
2.19,2.16,2.31
2.16,2.18,5
2.15,3.08,5
2.14,2.25,2.09
2.13,3.11,2.09
2.14,5,2.09
2.15,5,2.13
2.15,5,2.11
2.18,2.13,2.11
2.18,2.13,2.11
2.15,2.13,2.11
2.15,2.14,2.12
2.16,2.14,2.13
2.16,2.15,2.14
2.18,2.16,2.15
2.48,5,2.16
2.41,5,2.17
2.43,2.19,2.19
2.22,2.2,2.2
2.23,2.22,2.22
2.25,2.23,2.26
2.27,2.24,2.25
2.27,2.25,2.26
2.28,2.27,2.28
2.3,2.29,2.3
2.31,2.3,2.31
2.33,2.32,2.32
2.35,2.34,2.33
2.36,2.35,2.34
2.38,2.37,2.35
2.4,2.39,2.4
2.42,2.4,2.38
2.43,2.42,2.39
2.45,2.44,2.09
2.4,2.46,2.1
2.39,2.47,2.12
2.39,2.49,2.43
2.41,2.51,2.44
2.41,2.52,2.45
2.42,2.54,2.45
2.43,2.56,2.38
2.44,2.57,2.38
2.44,2.51,2.39
2.45,2.51,2.4
2.46,2.61,2.4
2.46,2.61,2.41
2.46,2.6,2.51
2.46,2.6,2.41
2.46,2.6,2.41
2.46,2.6,2.41
2.46,2.6,2.5
2.47,2.6,2.5
2.46,2.6,2.51
2.47,2.6,2.63
2.61,2.6,2.22
2.61,2.6,2.62
2.61,2.6,2.61
2.62,2.6,2.52
2.62,2.61,2.61
2.62,2.61,2.61
2.62,2.61,2.61
2.64,2.62,2.61
2.64,2.63,2.61
5,2.63,2.61
2.66,2.62,2.61
2.64,2.62,2.61
2.65,2.63,2.61
2.65,2.64,2.62
3.67,2.64,2.62
2.66,2.64,2.62
3.66,2.66,2.63
2.68,5,2.64
3.67,3.75,2.64
2.69,3.74,2.64
2.7,5,2.64
3.69,3.73,2.64
3.75,3.68,2.65
4.44,3.69,2.66
4.44,3.68,2.67
4.44,3.68,5
3.74,3.68,5
4.44,3.69,5
4.44,3.69,5
4.44,3.69,5
4.44,3.74,3.69
0.92,3.76,3.69
0.87,3.76,3.69
0.9,3.76,3.7
0.91,3.77,3.7
0.91,3.76,3.71
0.92,3.77,3.72
0.93,3.78,3.73
0.94,3.79,3.74
0.94,3.8,3.76
0.95,3.82,3.77
0.97,3.83,3.79
0.98,3.85,3.85
1.01,3.87,3.82
1.03,3.88,3.84
1.04,3.9,3.87
1.06,3.92,3.88
1.08,3.91,3.9
1.11,3.92,3.91
1.13,3.93,3.93
1.15,3.95,3.96
1.16,3.97,3.98
1.19,3.98,3.99
1.22,4,4.01
1.22,4.02,5
1.24,4.04,5
1.26,4.05,1.31
1.28,4.07,1.33
1.3,4.1,1.35
1.32,4.12,1.37
1.34,4.13,1.38
1.35,4.14,1.4
1.35,1.38,1.4
1.35,1.37,1.39
1.34,1.36,1.39
1.34,1.36,1.39
1.34,1.36,1.39
1.34,1.36,4.13
1.34,1.36,1.39
1.34,1.36,4.13
1.34,1.36,4.13
1.34,4.93,4.13
1.33,4.95,4.13
1.28,5,4.13
1.27,4.75,4.13
1.34,1.37,4.14
1.33,1.37,4.14
1.33,1.37,4.15
1.33,5,4.16
1.33,1.43,4.77
1.32,1.34,4.77
1.32,1.33,4.76
1.33,1.35,4.76
1.33,1.28,4.76
1.33,1.41,4.76
1.33,1.34,4.77
1.34,1.33,4.77
1.43,1.33,5
1.34,1.33,1.35
1.34,1.33,1.34
1.34,1.33,1.41
1.34,1.34,1.37
1.35,1.34,1.35
1.36,1.34,1.34
0.67,1.35,1.34
0.66,5,1.34
0.66,5,1.34
1.21,1.35,1.34
1.2,1.35,1.35
1.2,1.36,1.35
1.41,5,1.35
5,5,1.35
0.63,5,1.36
5,5,5
1.42,5,1.37
1.42,5,5
0.6,5,1.37
0.59,5,1.38
0.59,5,5
0.58,5,5
0.57,0.62,5
0.57,0.61,5
0.68,0.61,5
0.68,0.6,5
0.63,0.61,5
0.63,0.6,1.23
0.63,0.6,5
0.64,0.6,1.23
0.65,0.62,1.24
0.66,0.63,5
0.67,4.83,5
0.6,0.66,1.26
0.61,5,1.28
0.62,5,1.28
0.63,5,1.29
0.65,1.48,1.31
0.66,5,1.32
0.66,5,1.32
0.67,4.86,1.33
0.67,4.85,1.33
0.67,4.85,1.33
0.67,4.86,1.33
0.68,4.86,1.33
0.68,5,1.34
0.68,5,1.34
0.68,5,1.34
0.68,1.51,1.34
0.69,5,1.35
0.7,5,1.35
0.71,5,1.36
0.72,5,1.37
0.73,5,1.38
0.76,5,1.39
0.77,5,1.4
0.78,5,1.42
0.79,5,1.42
0.8,5,1.43
0.81,5,1.44
0.81,5,1.45
0.82,5,1.46
0.83,5,1.47
0.84,1.5,0.9
0.85,5,0.92
0.87,1.52,0.94
0.88,1.53,0.94
0.9,1.54,1.53
0.92,1.56,0.99
0.94,0.96,1.56
0.95,0.98,1.57
0.97,1,1.58
0.99,1.02,1.6
1,1.03,1.61
1.02,1.05,1.63
1.04,1.06,1.64
1.05,1.08,1.66
1.07,1.1,1.67
1.09,1.12,1.69
1.11,1.41,1.7
1.13,1.73,1.72
1.14,1.74,1.73
1.16,1.19,1.74
1.18,1.2,1.76
1.19,1.22,1.77
1.21,1.24,1.78
1.23,1.26,1.8
1.25,1.27,1.81
1.27,1.28,1.83
1.28,1.3,1.84
1.3,1.32,1.85
1.32,1.35,1.87
1.34,1.37,1.88
1.37,1.39,1.42
1.39,1.41,1.42
1.42,1.42,1.44
1.4,1.43,1.45
1.41,1.45,1.94
1.4,1.44,5
1.4,1.42,1.94
1.4,1.42,1.95
1.4,1.42,1.95
1.4,1.42,5
1.4,1.41,5
1.4,1.41,1.95
1.39,1.41,1.95
1.39,1.41,5
1.39,1.41,5
1.39,1.4,1.43
1.39,1.4,1.43
1.39,1.4,1.43
1.39,1.4,1.43
1.39,1.4,1.43
1.39,1.4,1.43
1.39,1.4,1.43
1.39,1.4,1.43
1.4,1.41,1.43
1.4,1.41,1.43
1.4,1.41,1.43
1.4,1.41,1.44
1.41,1.42,1.44
1.42,1.44,1.45
1.43,1.44,1.46
1.44,1.44,1.47
1.45,1.46,1.67
1.46,1.47,1.67
1.47,1.48,1.75
1.48,1.49,1.77
1.48,1.49,1.53
1.49,1.5,1.52
1.5,1.5,1.53
1.51,1.51,1.53
1.52,1.52,1.54
1.53,1.53,1.55
1.54,1.54,1.55
1.55,1.55,1.56
1.56,1.56,1.57
1.57,1.56,1.58
1.58,1.57,1.59
1.59,1.58,1.59
1.6,1.59,1.6
1.35,1.6,1.62
1.36,1.62,1.63
1.38,1.63,1.64
1.39,1.65,1.66
1.41,1.67,1.68
1.42,1.68,1.69
1.44,1.7,1.71
1.46,1.72,1.73
1.48,1.73,1.74
1.49,1.75,1.76
1.51,1.77,1.78
1.53,1.79,1.8
1.55,1.81,1.82
1.57,1.83,1.84
1.59,1.85,1.86
1.61,1.87,1.88
1.63,1.88,1.89
1.65,1.9,1.92
1.67,1.92,1.94
1.69,1.94,1.95
1.71,1.96,1.97
1.74,1.98,1.99
1.76,2,2.01
1.78,2.02,2.03
2.05,2.04,2.05
1.83,2.05,2.07
2.08,2.07,2.09
2.1,2.09,2.1
2.12,2.11,2.12
2.14,2.13,2.14
2.15,2.14,2.15
1.91,2.14,2.29
1.9,2.14,2.25
1.91,2.14,2.28
1.91,2.14,2.28
2.15,2.14,2.25
2.15,2.14,5
1.93,2.15,5
2.17,2.16,5
1.94,2.17,2.26
1.96,2.18,2.28
1.96,2.2,2.29
1.98,2.21,2.3
0.86,2.23,2.36
0.86,2.25,5
0.88,2.26,5
2.05,2.28,5
2.07,2.3,2.42
2.08,2.31,2.42
2.1,2.33,2.45
2.11,2.34,2.45
2.12,2.35,5
2.12,2.35,2.36
2.11,2.35,2.36
2.11,2.35,2.36
2.11,2.35,2.35
0.87,2.35,2.35
1.88,2.35,2.35
1.92,2.35,2.35
1.88,2.42,2.35
1.88,5,2.35
1.84,5,2.35
1.81,5,2.35
1.84,5,2.35
1.88,2.57,2.36
1.89,2.58,2.36
1.85,5,2.36
1.86,5,2.37
1.87,5,2.38
1.85,5,2.39
1.87,5,2.4
1.88,5,2.41
1.9,2.5,2.46
1.95,2.52,2.45
1.96,2.54,2.48
1.99,2.56,2.49
2.01,5,2.5
2.03,5,2.52
2.05,5,2.53
2.07,5,2.55
2.17,5,2.57
2.38,5,2.58
2.39,5,2.6
2.11,5,2.61
2.43,5,2.63
1.95,5,2.63
2.03,5,2.64
1.95,2.65,2.63
1.95,2.66,2.63
1.95,2.65,2.63
1.91,2.45,2.63
1.76,2.45,2.64
1.76,2.45,2.64
1.64,2.44,2.64
1.64,2.45,2.64
1.64,2.45,2.64
1.64,2.45,2.64
1.64,2.45,2.64
1.64,2.45,2.64
1.63,2.44,2.64
1.63,2.44,2.64
1.53,2.44,2.64
0.98,2.44,2.64
0.97,2.44,2.64
0.97,2.44,2.65
0.96,2.44,2.65
0.97,2.45,2.66
0.96,2.46,2.96
1.31,2.45,2.46
1.31,5,2.88
0.98,1.76,2.45
0.98,1.76,2.45
1.22,1.65,2.45
1,0.97,2.45
0.93,0.96,2.45
0.92,5,2.19
0.92,5,2.46
0.92,5,2.46
0.96,5,2.46
0.92,5,2.04
0.92,5,2.46
0.92,5,2.04
0.92,1.42,2.46
0.93,1.42,2.47
0.94,1.42,1.98
0.94,1.44,2.48
0.96,5,2.49
0.97,5,2.5
0.98,5,2.51
0.99,5,2.03
0.99,5,2.04
0.99,5,2.54
0.99,1.42,2.56
0.98,1.42,2.56
0.98,1.42,2.55
0.98,1.42,2.55
0.98,1.08,2.56
0.99,1.43,2.56
0.99,1.43,2.55
0.99,1.43,2.56
0.99,1.44,5
1,1.44,5
1,5,5
1.01,5,5
1.02,5,5
1.08,1.49,5
1.03,1.28,1.83
1.05,1.1,5
1.06,1.11,1.98
1.13,1.12,1.99
1.15,1.14,1.21
1.17,1.15,1.23
1.18,1.21,5
1.2,1.57,5
1.22,1.25,5
1.24,1.2,5
1.19,1.29,1.32
1.2,1.31,1.34
1.21,1.33,1.36
1.23,1.26,1.37
1.25,1.28,1.39
1.36,1.39,1.41
1.28,1.42,1.43
1.4,1.43,1.46
1.42,1.44,1.47
1.44,1.47,1.49
0.75,1.49,1.53
0.77,1.51,1.55
0.79,5,1.57
1.43,1.56,1.59
0.82,5,1.61
0.83,5,5
0.83,5,5
0.85,5,5
0.87,5,5
0.88,5,3.02
0.9,5,5
0.91,5,5
0.93,5,5
0.94,5,5
0.96,5,5
0.97,5,5
0.99,5,5
1.01,5,3.12
1.02,5,3.14
1.03,5,3.15
1.05,5,3.17
1.06,5,3.19
1.08,1.77,3.19
1.09,5,3.21
1.1,5,3.22
1.11,5,3.23
1.12,5,3.24
1.13,5,3.25
1.13,5,3.25
1.13,5,3.27
1.13,5,3.26
1.12,5,3.26
1.12,5,5
1.12,5,5
1.12,5,5
1.12,5,5
1.12,5,5
1.79,5,5
1.79,5,5
1.81,5,5
1.78,5,5
1.78,1.15,1.83
1.11,1.14,1.83
1.11,1.15,1.83
1.11,1.14,1.83
1.11,1.15,1.83
1.11,1.14,1.83
1.11,1.15,1.83
1.11,1.14,1.83
1.76,1.14,1.83
1.11,1.14,1.83
1.11,1.14,1.83
1.11,1.14,1.83
1.11,1.15,1.83
1.11,1.15,1.83
1.77,1.15,1.83
1.11,1.15,1.83
1.11,1.15,1.84
1.11,1.15,1.84
1.12,1.15,5
1.12,1.16,5
1.12,1.83,5
1.13,1.84,5
1.13,1.84,5
1.14,5,5
1.15,5,5
1.15,2.05,5
1.16,2.05,5
1.83,2.06,5
1.84,2.06,5
1.85,2.07,5
1.66,2.07,5
1.28,2.08,5
1.22,2.09,5
1.21,2.1,5
1.22,2.11,5
1.23,2.12,5
1.24,2.14,5
1.25,2.14,5
1.26,2.15,5
1.27,2.16,5
1.27,2.16,5
1.28,1.31,5
1.29,1.31,5
1.3,1.32,5
1.31,1.33,5
1.31,1.34,5
1.32,1.35,5
1.33,1.36,5
1.34,1.36,5
1.35,1.37,5
1.36,1.38,1.41
1.37,1.39,1.42
1.38,1.4,1.43
1.4,1.41,1.43
1.42,1.42,1.44
1.44,1.43,1.45
1.45,1.45,1.46
1.47,1.47,1.48
1.46,2.16,1.5
1.48,2.17,1.51
0.66,2.19,1.53
0.66,1.56,1.55
0.67,1.56,1.56
1.55,1.58,1.58
1.56,1.6,1.6
1.58,1.62,1.64
0.7,1.64,2.54
1.62,1.66,5
0.71,1.68,2.39
0.72,1.7,1.71
0.73,1.72,1.72
0.74,1.74,1.75
0.75,1.76,2.62
0.75,1.79,1.78
0.76,2.48,2.68
0.77,1.83,5
0.78,2.52,2.71
1.83,2.52,5
1.85,2.56,2.74
0.8,2.58,5
1.89,2.61,5
1.92,2.63,5
1.94,2.65,5
1.96,2.79,5
1.98,2.8,5
1.99,2.82,5
2.02,2.84,5
0.87,2.86,5
0.88,2.76,5
2.05,2.78,5
2.05,2.72,5
2.05,2.73,2.89
0.88,2.75,2.89
2.04,2.79,2.89
2.08,2.75,2.89
2.04,2.73,2.89
0.86,2.75,2.88
0.86,2.73,2.88
0.86,2.75,2.88
2.04,2.75,2.89
2.04,2.75,2.88
2.04,2.72,2.88
2.04,2.73,2.88
2.04,2.75,2.88
2.04,2.75,2.88
1.5,2.75,2.88
1.49,2.75,2.88
2.04,2.75,2.88
0.83,2.76,2.89
0.85,2.06,2.89
1.48,2.77,2.79
0.82,2.92,2.76
0.81,2.05,2.73
0.81,2.05,2.73
0.8,2.05,2.74
0.8,2.05,2.75
0.8,2.05,2.76
0.79,1.5,2.76
0.79,0.83,2.76
0.78,0.83,2.06
0.78,1.49,2.05
0.77,0.82,2.05
0.77,0.85,2.05
0.8,0.81,2.05
0.77,0.79,2.05
0.76,0.79,2.06
0.75,0.78,2.06
0.75,0.78,1.5
0.75,0.78,1.5
0.75,0.78,1.5
0.75,0.78,0.82
0.75,0.78,1.5
0.75,0.78,1.5
0.75,0.78,0.82
0.76,0.78,0.83
0.75,0.78,1.5
0.76,0.79,0.83
0.77,0.8,0.84
0.78,0.8,0.84
0.79,0.82,1.53
0.8,0.83,1.54
0.82,0.84,1.56
0.83,0.85,0.9
0.85,0.87,0.92
0.86,0.89,1.6
0.88,0.91,1.62
0.9,0.93,1.64
0.92,0.95,1.65
1.72,5,1.01
0.96,0.98,1.03
0.97,1.01,1.72
0.99,2.27,2.25
1.01,2.28,2.27
1.03,2.29,2.28
1.05,1.08,2.29
1.07,2.32,2.31
1.09,1.13,2.33
1.11,1.14,2.34
1.13,2.37,2.35
1.15,2.39,2.37
1.16,2.4,2.39
1.18,2.41,2.4
1.2,1.24,2.41
1.22,2.44,2.43
1.24,1.27,2.44
1.26,1.28,2.46
1.27,1.3,2.48
1.29,1.32,2.49
1.31,1.34,2.51
1.33,1.36,2.52
1.35,1.38,2.54
1.36,1.4,1.43
1.38,1.41,1.45
1.4,1.43,2.58
1.41,1.44,2.6
1.43,1.46,1.5
1.44,2.64,2.62
1.55,2.64,1.51
1.52,2.65,1.51
1.52,2.65,2.62
1.45,1.66,2.63
1.44,1.49,1.49
1.44,1.48,1.49
1.43,1.48,1.49
1.43,1.48,1.49
1.43,1.64,1.49
1.43,1.65,1.48
1.43,1.64,1.48
1.42,1.47,1.48
1.42,1.45,1.47
1.42,1.44,1.47
1.42,1.44,1.47
1.41,1.44,1.46
1.41,1.43,2.17
1.42,1.44,5
1.42,1.45,1.46
1.41,1.45,1.46
1.41,1.42,1.45
1.41,1.42,1.45
1.41,1.42,1.45
1.4,1.42,1.46
1.4,1.42,1.44
1.4,1.41,1.43
1.4,1.41,1.45
1.4,1.41,1.45
1.41,1.41,1.45
1.41,1.41,1.43
1.41,1.41,1.42
1.41,1.41,1.42
1.42,1.41,1.42
1.42,1.41,1.42
0.54,1.41,1.42
0.53,1.41,1.44
0.52,1.41,1.42
0.51,1.41,1.41
0.51,1.42,1.41
0.51,1.42,1.41
0.5,1.43,1.41
1.44,1.42,1.41
0,1.42,1.41
0,1.42,1.42
0,1.43,1.42
0,1.43,1.42
0,1.43,1.42
0,1.44,1.42
0,1.45,1.43
0,1.46,1.44
0,1.47,1.45
0,0,1.44
0,0,1.44
0,0,1.45
0,0,1.45
0,0,1.46
0,0,1.46
0,0,1.46
0,0,1.46
0,0,1.46
0,0,1.47
0,0.8,1.5
0,0,1.51
0,0,1.48
0,0,1.48
0,0,1.56
0,0,1.56
0,0,0
0,0,1.56
0,0,1.49
0,0,0
0,0,1.56
0,0,1.56
0,0,1.57
0,0,1.57
0,0,1.5
0,0,1.56
0,0,1.51
0.51,0.51,1.57
0.53,0.52,1.53
0.52,0.55,1.53
0.57,0.56,1.54
0.56,0.58,1.56
0.57,0.6,1.56
0.6,0.62,1.56
0.64,0.63,1.56
0.66,0.65,1.57
0.65,0.68,1.58
0.67,0.7,1.59
0.69,0.72,1.6
0.71,0.74,1.61
0.73,0.76,1.62
0.74,0.78,1.62
0.76,0.79,1.63
0.78,0.81,1.64
0.79,0.83,1.64
0.81,0.84,1.83
0.83,0.86,1.66
0.84,0.87,1.67
0.85,0.89,1.87
0.87,0.9,1.68
0.89,0.92,1.69
0.9,0.93,1.69
0.91,0.93,1.7
0.91,0.93,1.92
0.91,0.93,1.71
0.91,0.94,1.7
0.91,0.94,1.71
0.91,0.94,1.71
0.92,0.94,1.7
0.91,0.94,1.7
0.92,0.94,1.7
0.92,0.95,1.7
0.92,0.95,1.71
0.92,0.95,1.7
0.93,0.96,1.71
0.94,0.96,1.71
0.95,0.98,1.71
0.96,0.99,1.72
1.8,1,1.97
0.99,1.02,1.73
1,1.03,1.74
1.02,1.05,1.74
1.03,1.06,1.75
1.05,1.08,1.77
1.84,1.47,2.06
1.86,1.12,2.08
1.14,1.14,2.1
1.13,2.16,2.11
1.17,2.19,2.13
1.2,1.19,2.15
1.19,2.23,2.17
1.42,1.46,1.27
1.43,1.47,1.3
1.27,1.27,1.84
1.29,1.29,1.56
1.31,1.32,1.56
1.32,1.35,1.57
1.34,1.55,2.3
1.36,1.56,2.32
1.37,1.41,2.33
1.39,1.42,2.38
1.4,1.44,2.39
1.42,1.46,2.41
1.43,1.48,1.49
1.44,1.49,1.5
1.46,1.64,1.53
1.47,1.65,2.46
1.49,1.66,2.47
1.5,1.67,1.55
1.51,1.56,1.56
1.52,1.57,1.57
1.53,1.7,1.58
1.55,1.96,1.58
1.55,1.59,1.59
1.55,1.96,1.59
1.57,1.96,1.59
1.58,1.97,1.59
1.56,1.96,1.59
1.57,1.96,1.59
1.56,1.96,1.59
1.56,1.96,1.59
1.68,1.97,1.6
1.55,1.98,1.6
1.55,1.99,1.6
1.56,1.74,1.61
1.56,1.74,1.62
1.57,1.74,1.63
1.58,1.75,1.63
1.59,2.04,1.65
1.6,1.63,1.66
1.61,1.64,1.67
1.62,1.64,1.68
1.63,1.65,1.69
1.65,1.66,2.63
1.66,1.68,2.64
1.67,1.69,1.73
1.69,1.71,2.66
1.7,1.72,2.67
1.71,1.73,2.68
1.73,1.75,2.69
1.74,1.76,1.8
1.75,1.77,1.8
1.76,1.78,1.81
1.78,1.8,1.83
1.79,1.81,1.84
1.8,1.82,1.85
1.82,1.84,1.86
1.83,1.85,1.88
1.85,1.87,1.9
1.87,1.89,1.91
1.88,1.91,1.93
1.9,1.93,1.95
1.91,1.95,1.97
1.93,2.85,2.85
1.96,2,2.86
1.97,2.01,2.04
1.98,2.01,2.03
1.99,2.02,2.03
2,2.03,2.07
2.02,2.04,2.09
2.09,2.06,5
2.09,2.09,2.23
2.07,2.96,2.03
2.07,2.14,2.03
2.07,2.17,2.03
2.08,5,2.03
2.08,5,2.07
2.14,5,2.05
2.1,5,2.05
2.17,2.08,2.06
2.1,2.08,2.06
3.1,2.09,2.07
2.12,2.11,2.09
2.14,2.11,2.1
2.15,2.13,2.11
2.15,2.14,2.13
2.17,2.15,2.14
5,2.17,2.16
2.35,2.19,2.17
2.48,5,2.18
2.39,2.38,2.2
2.53,2.31,2.21
2.25,2.23,2.23
2.26,2.24,2.24
2.27,2.25,2.25
2.28,2.27,2.27
2.29,2.28,2.3
2.3,2.29,2.31
2.31,2.3,2.32
2.32,2.31,2.32
2.35,2.32,2.33
2.35,2.33,2.34
2.35,2.35,2.35
2.36,2.36,2.03
2.35,2.38,2.04
2.36,2.39,2.36
2.35,2.39,2.37
2.37,2.42,2.37
2.43,2.4,2.31
2.39,2.41,2.32
2.44,2.42,2.33
2.45,2.44,2.34
2.47,2.45,2.35
2.48,2.46,2.37
2.52,2.5,2.38
2.51,2.51,2.4
2.53,2.64,2.49
2.54,2.65,2.51
2.56,2.64,2.44
2.58,2.56,2.45
2.59,2.66,2.46
2.6,2.58,2.47
2.59,2.58,2.46
2.6,2.57,2.46
2.59,2.57,2.46
2.6,2.57,2.46
2.64,2.57,2.47
2.64,2.58,2.47
2.64,2.59,2.47
2.64,2.59,2.47
2.64,2.58,2.47
2.64,2.59,2.47
2.65,2.64,2.47
2.65,2.64,2.47
2.65,2.64,2.57
2.65,2.64,2.57
2.66,2.64,2.58
2.66,2.64,2.28
2.67,2.64,2.66
2.66,2.65,2.7
2.65,2.65,2.66
2.66,2.65,2.65
2.66,2.65,2.65
2.67,2.65,2.65
2.68,2.66,2.65
2.68,2.69,2.65
5,2.68,2.65
3.72,2.66,2.65
2.69,2.67,2.66
5,2.67,2.66
3.67,2.67,2.66
3.66,2.68,2.66
3.66,5,2.66
3.66,5,2.67
3.66,5,2.67
3.66,5,2.67
3.66,5,2.7
3.66,5,2.69
2.74,3.73,2.69
3.67,3.7,2.7
3.72,3.67,2.7
3.73,3.68,5
3.73,3.67,5
3.73,3.67,5
0.82,3.67,5
0.81,3.67,5
0.81,3.68,3.7
0.83,3.74,3.68
0.81,3.73,3.68
0.8,4.88,3.68
0.8,3.74,3.68
0.8,4.88,3.68
0.8,4.88,3.68
0.81,4.88,3.68
0.81,4.88,3.69
0.82,4.88,3.69
0.83,0.88,3.7
0.84,0.9,3.72
0.85,0.91,3.73
0.87,0.93,3.75
0.89,0.94,3.76
0.91,0.96,3.77
0.92,0.97,3.79
0.94,0.98,3.81
0.96,1,3.83
0.98,1.02,1.04
1,4.58,3.86
1.04,1.06,3.88
1.05,5,3.9
1.07,3.97,3.92
1.08,1.13,1.14
1.11,1.15,1.16
1.15,4.93,4.03
1.19,4.68,1.24
1.21,1.25,1.25
4.7,1.25,1.27
1.28,1.27,1.28
1.25,1.28,1.3
1.27,1.29,1.32
1.28,1.3,1.33
1.3,1.32,1.34
1.3,1.33,1.35
1.31,1.33,1.36
1.3,1.33,4.13
1.3,1.32,4.13
1.29,1.32,1.35
1.3,1.32,1.35
1.3,1.32,4.13
1.3,1.32,4.13
1.3,1.32,4.13
1.3,1.32,4.13
1.3,1.32,4.13
1.3,4.75,4.13
1.3,4.75,4.16
1.31,4.75,4.16
1.23,4.75,4.13
1.22,4.75,4.16
1.31,1.33,5
1.29,5,4.15
1.29,1.33,4.15
1.29,1.31,4.15
1.29,1.31,4.76
1.29,1.3,4.76
1.29,1.3,4.76
1.29,1.3,4.76
1.29,1.3,4.76
1.29,1.3,4.76
1.29,1.3,4.76
1.29,1.31,4.76
1.29,1.3,4.76
1.29,1.32,4.77
1.29,1.37,4.77
1.29,1.31,4.77
1.29,1.41,4.77
1.29,1.3,4.78
1.29,1.3,4.77
1.29,1.29,4.78
1.37,1.29,4.78
1.31,1.29,5
1.3,1.29,1.31
1.3,1.29,1.3
1.3,1.3,1.39
1.3,1.3,1.38
1.31,1.3,1.38
1.31,1.3,1.32
1.31,1.3,1.31
5,1.3,1.3
1.31,1.3,1.3
1.32,1.3,1.3
1.32,1.31,1.3
1.32,1.33,1.3
5,5,1.3
0.64,5,1.3
1.32,1.31,1.3
5,1.31,1.3
0.62,1.31,1.3
0.61,1.31,1.3
1.33,1.31,1.3
5,1.32,1.3
5,5,1.31
0.61,5,1.31
5,5,1.32
5,5,5
5,5,1.34
0.58,5,1.33
0.57,5,1.33
0.56,5,1.33
0.55,0.6,5
0.55,0.59,5
0.54,0.58,5
0.54,0.58,5
0.54,0.58,5
0.59,5,5
0.63,5,5
0.64,5,5
0.64,5,5
0.59,5,5
0.64,5,5
0.64,5,5
0.57,5,5
0.57,0.6,5
0.56,0.61,5
0.58,0.63,5
0.69,5,5
0.71,0.65,1.24
0.73,0.66,5
0.75,0.68,1.27
0.78,4.84,1.28
0.8,5,1.29
0.82,5,1.31
0.71,5,1.33
0.72,5,1.34
0.73,5,1.36
0.75,5,1.38
0.77,5,1.39
0.78,0.83,1.41
0.8,0.84,1.43
0.82,0.86,1.43
0.82,0.85,1.44
0.82,0.85,1.44
0.82,0.85,1.44
0.82,0.85,1.44
0.82,0.85,1.44
0.82,0.85,1.44
0.82,0.85,1.44
0.82,0.85,1.44
0.82,0.85,1.44
0.82,0.85,1.44
0.82,5,1.44
0.82,0.85,1.44
0.85,5,1.44
0.83,5,1.44
0.82,1.55,1.44
0.82,5,1.44
0.82,5,1.45
0.82,5,1.45
0.83,5,1.45
0.83,5,1.45
0.84,5,1.46
0.84,1.48,1.47
0.85,1.49,1.48
0.86,1.5,0.93
0.88,0.93,0.94
0.89,0.94,0.95
0.91,0.95,0.97
0.92,0.97,0.99
0.94,0.97,1.55
0.96,0.99,1.57
0.98,1.01,1.58
0.99,1.02,1.6
1.01,1.04,1.61
1.03,1.06,1.63
1.05,1.09,1.64
1.07,1.11,1.66
1.09,1.68,1.67
1.11,1.7,1.17
1.13,1.72,1.7
1.15,1.73,1.72
1.17,1.76,1.74
1.19,1.78,1.75
1.21,5,1.77
1.23,1.8,1.79
1.25,1.29,1.8
1.26,1.83,1.82
1.28,1.31,1.84
1.3,1.33,1.85
1.32,1.35,1.38
1.34,1.37,1.4
1.35,1.38,1.41
1.36,1.39,1.42
1.37,1.39,1.42
1.37,1.39,1.43
1.37,1.4,1.42
1.37,1.4,1.42
1.37,1.4,1.42
1.37,1.4,1.42
1.37,1.39,1.42
1.37,1.4,1.42
1.37,1.4,1.42
1.37,1.4,1.42
1.37,1.42,1.41
1.39,1.42,1.41
1.36,1.41,1.93
1.36,1.39,5
1.36,1.38,5
1.36,1.37,5
1.36,1.37,5
1.36,1.37,1.41
1.36,1.37,1.4
1.36,1.37,1.4
1.36,1.37,1.4
1.36,1.37,1.4
1.36,1.37,1.64
1.36,1.37,1.67
1.36,1.38,1.66
1.36,1.37,1.56
1.36,1.38,1.56
1.36,1.38,1.61
1.37,1.39,1.6
1.37,1.38,1.57
1.37,1.38,1.57
1.37,1.39,1.59
1.38,1.39,1.59
1.39,1.4,1.59
1.39,1.41,1.6
1.4,1.41,1.45
1.41,1.42,1.45
1.42,1.43,1.45
1.43,1.43,1.46
1.44,1.44,1.46
1.45,1.45,1.47
1.46,1.46,1.48
1.47,1.47,1.49
1.48,1.48,1.5
1.49,1.49,1.51
1.5,1.5,1.51
1.51,1.51,1.52
1.52,1.52,1.53
1.53,1.53,1.54
1.54,1.54,1.55
1.55,1.55,1.56
1.56,1.55,1.57
1.32,1.56,1.57
1.32,1.57,1.59
1.33,1.59,1.6
1.35,1.6,1.61
1.36,1.61,1.62
1.38,1.63,1.64
1.39,1.65,1.66
1.41,1.66,1.67
1.42,1.68,1.69
1.44,1.7,1.71
1.46,1.72,1.73
1.48,1.73,1.74
1.5,1.75,1.76
1.52,1.77,1.78
1.54,1.79,1.8
1.55,1.81,1.82
1.57,1.83,1.84
1.59,1.85,1.86
1.61,1.87,1.88
1.89,1.89,1.9
1.66,1.91,1.92
1.93,1.92,1.94
1.95,1.94,1.96
1.97,1.96,1.98
1.99,1.98,2.13
2.01,2,2.02
2.03,2.02,2.03
2.05,2.04,2.05
2.06,2.06,2.07
2.08,2.07,2.09
2.1,2.09,2.11
2.12,2.11,2.13
2.14,2.13,2.14
2.15,2.14,2.17
2.17,2.16,2.31
2.18,2.17,2.31
2.2,2.19,2.32
1.98,2.2,2.33
2.22,2.22,2.34
2.02,2.23,2.35
2.03,2.25,5
2.04,2.26,5
2.05,2.28,5
2.07,2.29,2.4
2.08,2.31,2.43
2.1,2.33,2.44
2.12,2.35,2.47
2.14,2.36,2.47
2.14,2.37,5
2.14,2.37,2.41
1.95,2.4,2.39
1.95,2.37,2.37
2.13,2.37,2.37
1.95,2.37,2.37
1.95,2.38,2.38
1.96,2.38,2.38
1.96,2.38,2.38
1.96,2.38,2.38
2.15,2.38,2.38
1.96,2.38,2.42
1.88,2.38,2.39
1.97,2.39,2.39
1.97,2.39,2.39
2.16,2.39,2.39
1.89,2.39,2.41
1.98,2.4,2.45
1.98,2.46,2.45
1.91,2.47,2.43
1.92,2.49,2.44
2.02,2.5,2.45
2.21,2.52,2.46
2.23,5,2.47
2.25,2.55,2.48
2.26,2.51,2.49
2.28,2.52,2.51
2.3,2.53,2.52
2.32,2.55,2.54
2.34,2.56,2.56
2.36,2.58,2.57
2.38,2.59,2.59
2.4,2.61,2.61
2.41,2.62,2.62
2.42,2.63,2.62
2.11,2.63,2.62
2.11,2.63,2.62
2.11,2.63,2.62
2.1,5,2.62
2.11,5,2.62
2.11,5,2.62
2.1,5,2.62
2.1,5,2.62
2.1,5,2.62
2.1,5,2.62
2.1,5,2.62
1.93,5,2.62
2,2.86,2.62
1.92,2.42,2.62
1.66,2.42,2.62
1.61,2.42,2.62
1.61,2.42,2.62
1.6,2.42,2.63
1.5,2.42,2.64
0.95,2.42,2.64
0.94,2.42,2.65
0.94,2.42,2.88
1.29,2.43,5
1.28,2.43,2.43
1.29,5,2.43
0.97,1.74,2.43
0.97,1.62,2.43
1.16,1.65,2.43
1.2,0.94,2.43
0.9,0.93,2.17
0.9,5,2.07
0.9,5,1.94
0.9,5,1.63
0.94,5,1.63
0.92,5,1.63
0.93,5,1.63
0.93,5,1.63
0.94,5,1.63
4.33,5,1.64
0.93,5,2.47
0.93,5,2.47
1.15,5,2.48
1.17,5,2.49
0.99,5,2.5
0.97,5,2.51
0.99,5,2.52
0.99,5,2.54
1.01,5,2.55
1.01,5,2.56
1.03,1.28,2.58
1.04,1.28,2.59
1.05,1.29,2.6
1.06,1.31,2.61
1.08,1.31,2.63
1.14,1.32,2.64
1.15,1.33,2.65
1.1,1.34,2.66
1.11,1.63,2.67
1.13,1.17,2.68
1.14,1.61,2.69
1.15,1.19,1.29
1.24,1.64,1.31
1.25,1.66,1.32
1.27,1.67,1.32
1.28,1.69,1.34
1.3,1.71,1.35
1.31,1.36,1.36
1.24,1.27,1.38
1.25,1.28,1.4
1.37,1.3,1.41
1.28,1.41,1.43
1.4,1.42,1.45
1.42,1.44,1.46
1.43,1.46,1.49
1.45,1.48,5
0.75,5,5
0.77,5,5
1.5,5,5
0.8,5,5
0.8,5,5
0.82,5,5
0.84,5,5
1.46,5,5
0.86,5,5
0.88,5,5
0.89,5,5
0.91,5,5
0.92,5,5
0.95,5,5
0.95,5,5
0.97,5,3.11
0.98,5,5
1,5,3.13
1.02,5,5
1.03,5,3.16
1.05,5,3.17
1.06,5,3.19
1.08,5,3.2
1.09,5,3.21
1.11,5,3.23
1.11,1.16,5
1.12,5,5
1.12,5,3.25
1.78,5,5
1.78,5,5
1.78,5,5
1.63,5,5
1.62,5,5
1.61,5,5
1.62,5,5
1.62,5,5
1.62,5,5
1.62,5,5
1.62,5,5
1.62,5,5
1.62,5,5
1.62,5,5
1.62,5,5
1.62,5,5
1.62,5,5
1.62,5,5
1.77,5,5
1.62,5,5
1.63,5,5
1.77,5,5
1.62,5,5
1.78,5,5
1.78,5,5
1.78,5,5
1.62,5,5
1.78,1.15,5
1.78,5,5
1.78,5,1.83
1.78,1.15,1.83
1.78,1.15,1.83
1.78,1.15,1.83
1.11,5,1.83
1.78,1.15,1.83
1.78,5,1.83
1.78,1.98,1.83
1.78,1.15,1.83
1.78,1.98,1.83
1.78,1.15,1.84
1.78,1.15,5
1.78,1.15,1.84
1.12,1.15,1.84
1.12,1.15,1.84
1.12,1.16,1.84
1.13,1.16,5
1.13,1.17,5
1.13,2.01,5
1.14,2.01,5
1.15,2.16,5
1.16,5,5
1.16,5,5
1.17,5,5
1.17,2.06,5
1.18,2.07,5
1.19,2.07,5
1.2,2.08,5
1.69,2.07,5
1.87,2.08,5
1.22,2.09,5
1.22,2.09,5
1.23,2.1,5
1.23,2.12,5
1.24,2.13,5
1.25,1.28,5
1.26,1.29,5
1.27,1.98,5
1.27,1.3,5
1.28,1.31,5
1.29,1.32,5
1.3,1.33,5
1.31,1.34,5
1.32,1.34,5
1.33,1.35,5
1.34,1.36,5
1.35,1.37,5
1.36,1.38,1.42
1.37,1.4,1.43
1.39,1.41,1.44
1.4,1.42,1.46
1.42,1.44,1.47
1.44,1.46,1.49
1.46,1.48,1.51
1.48,1.49,1.53
1.5,1.52,5
1.52,1.53,1.56
1.54,1.55,1.58
1.56,1.57,1.6
1.58,1.59,1.61
1.6,1.61,1.63
1.61,1.63,1.65
1.64,1.65,1.67
1.67,1.67,1.69
1.68,1.69,1.71
1.72,1.71,1.73
1.8,1.74,1.75
1.75,1.76,5
1.81,2.62,1.8
1.86,1.81,1.82
2.5,2.66,1.85
2.51,2.67,1.86
2.53,2.69,5
1.95,2.71,5
1.97,2.73,5
1.99,2.75,5
2.01,2.77,5
2.03,2.79,5
2.05,2.8,5
2.07,2.82,5
2.7,2.84,5
0.85,2.86,5
0.85,2.87,5
2.03,2.74,5
2.02,2.76,5
0.85,2.74,5
2.02,2.74,5
0.84,2.77,5
2.02,2.74,5
0.84,2.74,2.89
2.02,2.75,2.89
2.02,2.75,2.88
0.84,2.74,2.88
0.83,2.74,2.88
0.82,2.74,2.88
0.82,2.74,2.88
0.82,2.74,2.88
1.5,2.74,2.88
1.47,2.74,2.88
1.47,2.74,2.88
0.8,2.04,2.88
0.79,2.03,2.76
0.81,2.03,2.75
0.81,2.03,2.74
1.46,0.84,2.73
0.77,2.02,2.73
0.77,2.03,2.73
0.76,1.48,2.74
0.76,1.47,2.75
0.75,0.79,2.75
0.75,1.47,2.04
0.75,0.79,2.03
0.74,0.78,2.04
0.73,0.78,2.03
0.75,0.76,2.04
0.76,0.76,2.04
0.73,0.75,2.04
0.72,0.75,1.48
0.72,0.74,1.47
0.72,0.75,1.47
0.72,0.75,1.48
0.72,0.75,1.48
0.73,0.75,1.48
0.73,0.75,1.48
0.73,0.75,1.48
0.73,0.77,1.49
0.74,0.76,1.49
0.75,0.78,1.5
0.76,5,1.51
0.77,0.81,1.52
0.78,5,1.54
0.81,0.84,1.55
0.82,0.85,1.56
0.84,0.87,1.58
0.86,0.91,1.59
0.88,0.92,1.61
0.9,5,1.62
0.92,5,1.64
0.94,5,1.66
0.96,1,1.68
0.98,5,1.69
1,1.03,1.71
1.02,1.05,1.73
1.04,5,1.75
1.06,5,1.78
1.08,2.33,1.8
1.1,2.34,2.32
1.12,1.16,2.34
1.14,1.18,2.35
1.16,2.39,2.37
1.18,2.4,2.38
1.49,2.42,2.4
5,2.43,1.27
2.66,1.53,2.43
1.27,1.29,2.44
1.28,1.29,2.46
1.29,1.32,2.47
1.31,1.34,2.48
1.32,1.36,2.5
1.34,2.53,2.51
1.36,1.42,2.53
1.38,1.41,2.54
1.39,1.42,2.55
1.38,1.42,1.44
1.37,1.42,1.43
1.37,1.63,1.42
1.37,5,1.43
1.37,1.62,1.43
1.37,1.42,1.43
1.37,1.62,1.43
1.37,5,1.43
1.38,5,1.44
1.38,1.64,1.44
1.39,1.44,1.44
1.4,1.64,1.45
1.41,1.45,1.46
1.42,1.44,1.46
1.42,1.45,1.47
1.43,1.45,1.48
1.43,1.45,1.48
1.43,1.45,1.47
1.43,1.45,1.47
1.42,1.44,1.47
1.42,1.44,1.47
1.42,1.44,1.47
1.42,1.44,1.47
1.42,1.44,1.48
1.42,1.44,2.63
1.42,1.46,1.56
1.41,1.45,1.46
1.41,1.43,1.46
1.41,1.42,1.45
1.41,1.42,1.45
1.41,1.42,1.44
1.41,1.42,1.44
1.41,1.42,1.43
1.41,1.42,1.45
1.41,1.42,1.61
1.41,1.42,1.44
1.41,1.41,1.43
1.41,1.41,1.43
1.42,1.41,1.42
1.42,1.41,1.42
1.42,1.41,1.42
0.57,1.41,1.42
0.56,1.41,1.44
0.56,1.41,1.42
0.55,1.42,1.42
0.54,1.42,1.42
1.43,1.42,1.42
1.44,1.42,1.42
1.44,1.43,1.42
0.52,1.42,1.42
0.51,1.43,1.42
0.51,1.43,1.42
0.5,1.43,1.42
0,1.44,1.42
0,1.44,1.43
0.81,1.45,1.43
0,1.46,1.44
0,1.48,1.44
0,0.55,1.44
0,0.51,1.44
0,0.51,1.45
0,0.51,1.45
0,0.5,1.45
0,0,1.46
0,0.82,1.52
0,0,1.53
0,0,1.48
0,0,1.48
0,0,1.49
0,0,1.48
0,0,1.57
0,0,1.57
0,0,1.53
0,0,1.49
0.51,0.51,1.55
0.53,0.52,1.56
0.54,0.53,1.57
0.55,0.54,1.59
0.57,0.56,1.6
0.58,0.58,0.61
0.6,0.59,1.54
0.59,0.61,1.55
0.61,0.63,1.56
0.63,0.65,1.56
0.65,0.67,1.56
0.66,0.69,1.57
0.71,0.71,1.58
0.74,0.72,1.59
0.72,0.74,1.6
0.74,0.76,1.61
0.76,0.78,1.61
0.78,0.8,1.62
0.79,0.82,0.86
0.81,0.84,1.63
0.83,0.86,0.9
0.85,0.87,1.66
0.86,0.89,1.66
0.88,0.9,1.67
0.89,0.92,1.68
0.91,0.93,1.69
0.92,0.95,1.69
0.93,0.96,1.69
0.94,1.33,1.7
0.97,1.34,1.72
0.98,1.36,1.73
1,1.36,1.74
1.01,2.06,1.98
1.03,2.06,1.99
1.03,2.07,2.01
1.05,2.09,2.02
1.06,1.11,2.04
1.08,2.11,2.06
1.11,2.18,2.07
1.12,1.17,2.09
1.14,1.46,2.1
1.16,1.48,1.49
1.18,1.48,1.51
1.2,1.49,2.15
1.22,1.5,1.27
1.23,1.27,1.29
1.25,1.52,2.2
1.27,1.53,2.22
1.29,1.54,1.36
1.31,1.36,1.36
1.33,1.38,1.38
1.35,1.58,1.4
1.37,1.59,1.42
1.39,1.43,1.44
1.41,1.46,1.46
1.43,1.46,1.48
1.45,1.48,1.5
1.46,1.5,1.52
1.48,1.52,1.54
1.5,1.53,1.55
1.52,1.55,1.57
1.54,1.57,1.59
1.56,1.6,1.61
1.58,1.61,1.63
1.6,1.63,1.65
1.62,1.65,1.67
1.64,1.66,1.69
1.79,1.79,1.79
1.78,2.14,1.81
1.84,2.22,1.89
1.86,1.98,1.91
1.88,2.79,1.93
1.89,2.8,1.95
1.92,2.82,1.98
1.94,2.83,2.82
1.95,2.85,2.84
1.97,2.01,2.85
1.99,2.87,2.87
2.01,2.89,2.91
2.03,2.9,2.91
2.05,2.92,2.92
2.06,2.93,2.94
2.08,2.13,2.97
2.11,2.15,2.99
2.12,2.03,2.01
2.13,2.03,2.01
2.14,2.99,2.02
2.16,2.19,2.02
2.18,2.04,2.25
2.2,2.22,2.01
2.05,3.05,2.01
2.05,3.06,2.01
2.05,2.03,2.01
2.05,2.04,2.02
2.05,2.31,5
2.28,5,2.03
2.3,2.06,2.03
2.32,2.05,2.03
2.08,2.05,2.03
2.08,2.05,2.04
2.08,2.06,2.05
2.09,2.07,2.06
2.41,2.11,2.07
2.43,5,2.08
2.46,2.1,2.1
2.15,2.11,2.11
2.15,2.12,2.12
2.15,2.14,2.14
2.16,2.15,2.16
2.17,2.16,2.18
2.18,2.17,2.18
2.2,2.19,2.21
2.21,2.2,2.2
2.22,2.21,2.2
2.23,2.23,2.21
2.2,2.24,2.21
2.2,2.25,2.22
2.21,2.26,2.17
2.21,2.26,2.17
2.22,2.26,2.17
2.25,2.27,2.18
2.29,2.27,2.18
2.3,2.28,2.2
2.31,2.29,2.2
2.36,2.25,2.21
2.29,2.32,1.66
2.39,2.24,1.66
2.28,2.25,2.24
2.36,2.26,1.69
2.37,2.27,1.68
2.08,2.28,1.68
2.09,2.29,1.69
2.1,1.72,1.7
2.12,1.72,1.7
1.76,1.73,1.65
2.35,1.75,1.73
2.35,2.35,1.66
2.36,1.76,1.57
2.37,1.76,1.58
1.8,1.77,1.55
1.81,1.79,1.55
1.81,1.8,1.57
1.82,1.8,1.58
1.83,1.81,1.58
2.42,1.81,1.8
2.42,1.8,1.8
2.42,1.8,1.8
2.42,1.8,1.64
2.42,1.81,1.8
2.42,1.81,1.8
2.42,1.81,1.59
2.42,1.82,1.67
2.42,2.2,1.67
2.43,2.42,1.72
2.43,1.82,1.8
2.44,1.81,1.8
2.23,1.82,1.8
2.23,1.82,1.81
2.61,1.83,1.81
2.61,1.83,1.81
2.53,2.43,1.81
2.55,2.44,1.82
2.6,2.45,2.43
2.6,2.45,2.43
2.6,2.62,1.83
2.6,2.61,2.43
2.6,2.61,1.84
2.57,2.62,2.44
2.56,2.55,2.44
2.61,2.55,2.44
2.61,2.55,2.45
2.61,2.61,2.45
2.51,2.61,2.55
2.52,2.61,2.55
2.62,2.61,2.25
2.63,2.61,2.62
2.62,2.61,2.65
2.62,2.61,2.57
2.63,2.61,2.62
2.63,2.62,2.61
5,2.62,2.61
2.66,2.62,2.61
5,2.62,2.61
3.69,2.63,2.62
3.68,2.63,2.62
3.64,2.63,2.62
3.64,5,2.62
3.62,5,2.62
3.62,5,2.62
3.62,5,2.63
3.62,5,2.63
3.61,5,2.64
3.61,5,2.65
3.62,3.67,5
3.62,5,5
3.62,3.62,5
3.63,3.62,5
3.68,3.63,5
4.85,3.62,5
3.68,3.62,5
4.41,3.62,5
4.41,3.63,5
4.41,3.65,5
4.41,3.63,3.69
4.42,3.63,3.69
4.42,3.63,3.69
4.42,3.64,3.7
4.42,3.65,5
4.43,5,5
4.44,3.67,3.74
4.44,5,3.75
4.45,3.71,3.74
4.46,3.72,2.72
4.47,3.73,2.72
4.49,5,2.73
4.5,2.77,3.81
4.51,5,2.75
1.52,3.8,2.76
4.54,5,2.76
4.55,3.83,3.87
4.56,5,3.89
1.32,3.87,3.91
4.59,3.88,3.92
4.6,5,3.94
1.65,3.93,3.96
0.91,3.94,3.98
0.91,5,4
0.93,5,4.02
0.94,5,4.03
0.95,4.05,4.05
0.95,4.07,5
